date,INE_volume,pp_volume,INE_price,pp_price
2018-03-26 09:00,3088,7568,442700,42905
2018-03-26 09:05,4022,24108,439900,42615
2018-03-26 09:10,3138,10278,436500,42710
2018-03-26 09:15,1790,11210,436900,42740
2018-03-26 09:20,2032,5334,434000,42745
2018-03-26 09:25,4614,6072,432000,42695
2018-03-26 09:30,978,11182,431000,42530
2018-03-26 09:35,900,6894,433200,42580
2018-03-26 09:40,654,7638,432000,42655
2018-03-26 09:45,1138,4566,431800,42655
2018-03-26 09:50,682,2266,432400,42665
2018-03-26 09:55,796,8884,434000,42755
2018-03-26 10:00,604,6010,434300,42765
2018-03-26 10:05,684,5036,433600,42710
2018-03-26 10:10,246,3124,434100,42680
2018-03-26 10:15,336,2378,435900,42705
2018-03-26 10:30,548,764,432800,42680
2018-03-26 10:35,582,3474,432900,42645
2018-03-26 10:40,588,3106,432300,42670
2018-03-26 10:45,874,2334,431400,42655
2018-03-26 10:50,640,3746,432300,42590
2018-03-26 10:55,336,3362,432100,42605
2018-03-26 11:00,238,3086,432400,42635
2018-03-26 11:05,262,2866,432800,42645
2018-03-26 11:10,224,3758,432900,42670
2018-03-26 11:15,182,1934,432900,42635
2018-03-26 11:20,172,4644,432400,42615
2018-03-26 11:25,214,3642,432700,42640
2018-03-26 11:30,180,1926,432300,42620
2018-03-26 13:30,60,1394,432500,42595
2018-03-26 13:35,192,2474,432000,42650
2018-03-26 13:40,580,10838,430500,42565
2018-03-26 13:45,1512,4850,429600,42605
2018-03-26 13:50,1112,9408,428800,42695
2018-03-26 13:55,876,3576,427400,42670
2018-03-26 14:00,834,3904,428000,42685
2018-03-26 14:05,502,2780,428100,42665
2018-03-26 14:10,462,3584,428300,42685
2018-03-26 14:15,234,4812,427900,42705
2018-03-26 14:20,316,3002,428500,42675
2018-03-26 14:25,518,2316,428600,42625
2018-03-26 14:30,302,3998,428300,42625
2018-03-26 14:35,318,6350,428600,42590
2018-03-26 14:40,550,3660,430000,42615
2018-03-26 14:45,520,5896,430200,42585
2018-03-26 14:50,256,2470,429800,42575
2018-03-26 14:55,280,3726,430100,42590
2018-03-26 14:59,490,3726,429900,42590
2018-03-27 09:00,456,6752,425300,42605
2018-03-27 09:05,840,11636,426200,42665
2018-03-27 09:10,500,12926,427300,42795
2018-03-27 09:15,492,9102,426300,42745
2018-03-27 09:20,140,8904,426600,42730
2018-03-27 09:25,104,2786,426100,42710
2018-03-27 09:30,158,6700,426400,42740
2018-03-27 09:35,142,3440,426700,42785
2018-03-27 09:40,84,5594,426700,42785
2018-03-27 09:45,296,2848,425900,42775
2018-03-27 09:50,90,2378,426100,42775
2018-03-27 09:55,70,1478,426200,42765
2018-03-27 10:00,144,3414,425800,42745
2018-03-27 10:05,60,5724,425800,42795
2018-03-27 10:10,150,2554,425900,42785
2018-03-27 10:14,68,2554,426200,42785
2018-03-27 10:30,10,698,426200,42770
2018-03-27 10:35,108,3512,426300,42735
2018-03-27 10:40,264,1710,425400,42710
2018-03-27 10:45,114,3296,425700,42745
2018-03-27 10:50,52,4080,425600,42755
2018-03-27 10:55,62,2570,425600,42755
2018-03-27 11:00,32,4484,425800,42745
2018-03-27 11:05,166,2606,426300,42770
2018-03-27 11:10,156,16790,426600,42875
2018-03-27 11:15,360,7798,427200,42830
2018-03-27 11:20,962,4578,427500,42875
2018-03-27 11:25,602,6150,428500,42915
2018-03-27 11:29,338,6150,427600,42915
2018-03-27 13:30,134,1034,426900,42870
2018-03-27 13:35,190,3046,426800,42880
2018-03-27 13:40,338,2942,426300,42905
2018-03-27 13:45,610,3316,425500,42865
2018-03-27 13:50,350,11006,425600,42925
2018-03-27 13:55,370,28732,424600,43145
2018-03-27 14:00,326,12484,425200,43075
2018-03-27 14:05,272,3858,425500,43100
2018-03-27 14:10,194,4270,425500,43100
2018-03-27 14:15,116,6116,425300,43085
2018-03-27 14:20,912,3662,423100,43075
2018-03-27 14:25,366,4256,423300,43025
2018-03-27 14:30,358,4102,423800,43075
2018-03-27 14:35,172,3716,424400,43055
2018-03-27 14:40,268,2424,424300,43085
2018-03-27 14:45,256,2824,424400,43065
2018-03-27 14:50,256,2658,424500,43065
2018-03-27 14:55,174,5492,424200,43080
2018-03-27 14:59,298,5258,424000,43045
2018-03-28 09:00,606,8652,408000,42825
2018-03-28 09:05,628,16132,409700,42830
2018-03-28 09:10,1074,11296,407200,42775
2018-03-28 09:15,588,6642,408000,42830
2018-03-28 09:20,192,4456,408100,42855
2018-03-28 09:25,272,15330,409300,43035
2018-03-28 09:30,360,12036,409700,43175
2018-03-28 09:35,690,11646,411100,43095
2018-03-28 09:40,456,5828,409800,43040
2018-03-28 09:45,244,2846,409600,43060
2018-03-28 09:50,272,1704,408900,43080
2018-03-28 09:55,206,2912,408700,43065
2018-03-28 10:00,758,1828,407100,43055
2018-03-28 10:05,630,2816,409000,43100
2018-03-28 10:10,264,9896,408800,43170
2018-03-28 10:14,140,9896,408800,43170
2018-03-28 10:30,114,1384,407900,43190
2018-03-28 10:35,356,7064,407900,43125
2018-03-28 10:40,194,3642,408000,43105
2018-03-28 10:45,88,2696,407900,43090
2018-03-28 10:50,390,1666,408600,43075
2018-03-28 10:55,360,5324,407100,43020
2018-03-28 11:00,378,3720,407200,43065
2018-03-28 11:05,216,1718,407300,43065
2018-03-28 11:10,526,2618,407900,43040
2018-03-28 11:15,152,2022,407900,43035
2018-03-28 11:20,290,3036,408700,43040
2018-03-28 11:25,434,2196,408700,43045
2018-03-28 11:29,128,1948,408300,43045
2018-03-28 13:30,290,3232,407400,42995
2018-03-28 13:35,194,8566,408200,42945
2018-03-28 13:40,148,5714,408400,42855
2018-03-28 13:45,288,5902,409000,42890
2018-03-28 13:50,396,6198,409400,42925
2018-03-28 13:55,348,2148,408500,42915
2018-03-28 14:00,400,3178,408700,42935
2018-03-28 14:05,220,1484,408800,42900
2018-03-28 14:10,228,2266,408300,42900
2018-03-28 14:15,362,1656,408500,42895
2018-03-28 14:20,370,2412,408200,42865
2018-03-28 14:25,268,3394,407800,42860
2018-03-28 14:30,288,6794,408200,42810
2018-03-28 14:35,284,22760,408600,42680
2018-03-28 14:40,274,14834,408400,42615
2018-03-28 14:45,290,10252,408900,42620
2018-03-28 14:50,650,6154,409600,42635
2018-03-28 14:55,1046,7674,411400,42665
2018-03-28 14:59,846,7674,410400,42665
2018-03-29 09:00,586,4452,406200,42775
2018-03-29 09:05,498,10768,406700,42800
2018-03-29 09:10,388,6526,406600,42830
2018-03-29 09:15,496,4400,407000,42830
2018-03-29 09:20,532,3924,407300,42780
2018-03-29 09:25,214,4078,407000,42790
2018-03-29 09:30,266,3650,407600,42860
2018-03-29 09:35,456,6358,407900,42740
2018-03-29 09:40,254,2416,407400,42760
2018-03-29 09:45,252,2916,407300,42770
2018-03-29 09:50,154,1562,407400,42745
2018-03-29 09:55,116,1438,407500,42765
2018-03-29 10:00,242,1568,407600,42745
2018-03-29 10:05,928,3344,409200,42790
2018-03-29 10:10,408,1052,408000,42785
2018-03-29 10:14,202,818,407600,42785
2018-03-29 10:30,192,730,407000,42795
2018-03-29 10:35,336,17632,407300,43010
2018-03-29 10:40,196,18776,407600,43050
2018-03-29 10:45,48,10128,407400,43065
2018-03-29 10:50,194,6790,408100,43065
2018-03-29 10:55,74,2796,407900,43075
2018-03-29 11:00,156,4802,408100,43040
2018-03-29 11:05,36,1932,408100,43065
2018-03-29 11:10,218,1378,408000,43045
2018-03-29 11:15,60,6018,408000,43035
2018-03-29 11:20,48,3254,407800,43060
2018-03-29 11:25,454,2892,408800,43085
2018-03-29 11:29,186,4102,408500,43075
2018-03-29 13:30,88,2514,408800,43085
2018-03-29 13:35,180,4794,408900,43105
2018-03-29 13:40,178,4852,408700,43090
2018-03-29 13:45,154,7270,408800,43125
2018-03-29 13:50,272,23542,408300,43325
2018-03-29 13:55,140,14512,408300,43300
2018-03-29 14:00,84,8388,408200,43260
2018-03-29 14:05,170,3374,408400,43255
2018-03-29 14:10,236,8378,408900,43195
2018-03-29 14:15,574,5602,408300,43215
2018-03-29 14:20,148,6800,408100,43175
2018-03-29 14:25,128,2632,408600,43155
2018-03-29 14:30,106,4406,408600,43195
2018-03-29 14:35,140,3926,408600,43180
2018-03-29 14:40,322,4148,408800,43270
2018-03-29 14:45,1210,3900,410200,43275
2018-03-29 14:50,476,15390,409500,43525
2018-03-29 14:55,472,16386,408800,43505
2018-03-29 14:59,568,16386,409700,43505
2018-03-30 09:00,118,6320,410200,43500
2018-03-30 09:05,624,12502,410800,43455
2018-03-30 09:10,264,6198,410900,43470
2018-03-30 09:15,260,11378,411100,43575
2018-03-30 09:20,542,10482,412600,43600
2018-03-30 09:25,2638,5206,414600,43590
2018-03-30 09:30,1252,5534,416300,43625
2018-03-30 09:35,784,3568,414700,43605
2018-03-30 09:40,462,3708,415000,43580
2018-03-30 09:45,396,3076,415300,43570
2018-03-30 09:50,390,6008,415600,43435
2018-03-30 09:55,356,2270,415000,43485
2018-03-30 10:00,1312,1496,418000,43480
2018-03-30 10:05,1142,3178,417400,43460
2018-03-30 10:10,1598,2122,419000,43455
2018-03-30 10:14,590,4224,418700,43420
2018-03-30 10:30,42,1552,418800,43430
2018-03-30 10:35,328,5484,418200,43375
2018-03-30 10:40,362,3298,418500,43405
2018-03-30 10:45,136,6144,418500,43365
2018-03-30 10:50,120,1682,418300,43385
2018-03-30 10:55,144,4126,418400,43400
2018-03-30 11:00,728,5136,419600,43505
2018-03-30 11:05,958,5060,418400,43475
2018-03-30 11:10,316,4264,418800,43410
2018-03-30 11:15,184,2470,418800,43430
2018-03-30 11:20,138,1924,418800,43450
2018-03-30 11:25,280,1898,419100,43460
2018-03-30 11:30,166,2862,418900,43490
2018-03-30 13:30,74,6858,418900,43675
2018-03-30 13:35,1022,9760,421400,43615
2018-03-30 13:40,582,3792,420300,43620
2018-03-30 13:45,544,2508,419800,43640
2018-03-30 13:50,502,5224,420600,43620
2018-03-30 13:55,310,3320,420300,43575
2018-03-30 14:00,174,4412,420200,43605
2018-03-30 14:05,500,4148,419800,43585
2018-03-30 14:10,324,9092,419900,43505
2018-03-30 14:15,208,7574,419600,43430
2018-03-30 14:20,252,12012,419400,43425
2018-03-30 14:25,548,3166,418500,43435
2018-03-30 14:30,530,3026,419000,43450
2018-03-30 14:35,204,4576,418900,43450
2018-03-30 14:40,130,4388,419000,43520
2018-03-30 14:45,294,2314,419400,43455
2018-03-30 14:50,156,6866,419200,43445
2018-03-30 14:55,728,7060,419800,43530
2018-03-30 14:59,588,6978,420300,43570
2018-04-02 09:00,494,12414,417300,43925
2018-04-02 09:05,518,19536,416300,43765
2018-04-02 09:10,1022,14650,415700,43765
2018-04-02 09:15,532,8108,416200,43605
2018-04-02 09:20,166,7788,416100,43630
2018-04-02 09:25,310,10766,415700,43550
2018-04-02 09:30,120,5712,415800,43685
2018-04-02 09:35,194,3918,416200,43625
2018-04-02 09:40,88,4424,416100,43730
2018-04-02 09:45,148,5708,416400,43740
2018-04-02 09:50,100,3708,416200,43685
2018-04-02 09:54,62,3708,416000,43685
2018-04-02 10:00,58,4480,416200,43715
2018-04-02 10:05,138,9124,416400,43705
2018-04-02 10:10,86,8150,416300,43700
2018-04-02 10:14,288,8150,415600,43700
2018-04-02 10:30,44,4210,415900,43820
2018-04-02 10:35,520,6548,415000,43715
2018-04-02 10:40,504,5024,415100,43680
2018-04-02 10:45,246,3356,414800,43695
2018-04-02 10:50,72,4086,414900,43700
2018-04-02 10:55,304,2274,414100,43700
2018-04-02 11:00,504,5090,414700,43750
2018-04-02 11:05,66,6440,414900,43665
2018-04-02 11:10,182,3676,415100,43680
2018-04-02 11:15,62,3368,415000,43695
2018-04-02 11:20,86,5096,415200,43745
2018-04-02 11:25,106,2302,415000,43660
2018-04-02 11:29,182,2302,414800,43660
2018-04-02 13:30,50,2922,415000,43760
2018-04-02 13:35,132,7958,414800,43760
2018-04-02 13:40,240,9252,414900,43815
2018-04-02 13:45,142,5710,414700,43805
2018-04-02 13:50,82,4138,414800,43815
2018-04-02 13:55,186,7408,414700,43870
2018-04-02 14:00,54,7558,414700,43890
2018-04-02 14:05,156,47834,414700,44245
2018-04-02 14:10,114,19488,414800,44215
2018-04-02 14:15,268,10422,415100,44185
2018-04-02 14:20,98,4182,415100,44200
2018-04-02 14:25,542,5500,415800,44180
2018-04-02 14:30,484,4572,416300,44220
2018-04-02 14:35,90,6914,415900,44185
2018-04-02 14:40,96,7594,416100,44160
2018-04-02 14:45,536,5090,417100,44200
2018-04-02 14:50,986,5034,417600,44180
2018-04-02 14:55,362,6506,417400,44145
2018-04-02 14:59,552,6506,416600,44145
2018-04-03 09:00,480,9292,403100,44015
2018-04-03 09:05,562,15500,402800,43950
2018-04-03 09:10,522,6220,403600,44025
2018-04-03 09:15,296,4486,403300,44025
2018-04-03 09:20,252,4318,403600,44035
2018-04-03 09:25,224,6352,403100,44010
2018-04-03 09:30,278,7988,402500,43935
2018-04-03 09:35,216,3634,402500,43935
2018-04-03 09:40,86,4072,402600,43935
2018-04-03 09:45,160,4610,402900,43980
2018-04-03 09:50,262,6844,403000,43925
2018-04-03 09:55,506,4174,404100,43960
2018-04-03 10:00,312,10418,403000,43985
2018-04-03 10:05,122,2574,403000,43970
2018-04-03 10:10,100,4858,403000,44015
2018-04-03 10:14,68,4858,403000,44015
2018-04-03 10:30,18,376,403200,44025
2018-04-03 10:35,114,1290,402800,44010
2018-04-03 10:40,42,3416,403000,43990
2018-04-03 10:44,60,3416,403100,43990
2018-04-03 10:50,86,8190,403300,44090
2018-04-03 10:55,36,2848,403300,44135
2018-04-03 11:00,38,3350,403300,44140
2018-04-03 11:05,248,5992,403500,44030
2018-04-03 11:10,106,4598,403400,44045
2018-04-03 11:15,94,3178,403100,44050
2018-04-03 11:20,74,7258,403100,43980
2018-04-03 11:25,20,6318,403200,44045
2018-04-03 11:29,66,3756,403400,44055
2018-04-03 13:30,272,1908,402800,44030
2018-04-03 13:35,598,5480,401800,44010
2018-04-03 13:40,286,5336,402100,43970
2018-04-03 13:45,130,5468,402200,44005
2018-04-03 13:50,654,2342,401200,43995
2018-04-03 13:55,334,2878,401700,44030
2018-04-03 14:00,294,2380,401900,43995
2018-04-03 14:05,242,3366,402100,44025
2018-04-03 14:10,120,1044,402000,44010
2018-04-03 14:15,180,3232,401900,44000
2018-04-03 14:20,172,1026,402000,44015
2018-04-03 14:25,102,1566,401900,44040
2018-04-03 14:30,130,2576,401900,44045
2018-04-03 14:35,178,2906,401900,44045
2018-04-03 14:40,146,1214,402000,44045
2018-04-03 14:45,232,1634,402100,44040
2018-04-03 14:50,930,1818,402800,44030
2018-04-03 14:55,508,4438,402300,44080
2018-04-03 14:59,450,4438,402500,44080
2018-04-04 09:00,288,3578,401800,44075
2018-04-04 09:05,534,8726,401600,44000
2018-04-04 09:10,206,5516,401800,44035
2018-04-04 09:15,388,3888,402200,44080
2018-04-04 09:20,308,3974,402300,44075
2018-04-04 09:25,556,26686,401800,43775
2018-04-04 09:30,180,13396,401800,43790
2018-04-04 09:35,138,15044,401900,43640
2018-04-04 09:40,136,7870,401800,43710
2018-04-04 09:45,92,5790,402000,43670
2018-04-04 09:50,168,3976,402200,43720
2018-04-04 09:55,212,5044,402100,43725
2018-04-04 10:00,104,2944,401900,43715
2018-04-04 10:05,138,15156,402200,43920
2018-04-04 10:10,54,4608,402200,43855
2018-04-04 10:14,116,4608,402000,43855
2018-04-04 10:30,46,1654,402200,43910
2018-04-04 10:35,56,3808,402200,43895
2018-04-04 10:40,214,3796,402300,43920
2018-04-04 10:45,120,3556,402300,43900
2018-04-04 10:50,244,2636,402500,43875
2018-04-04 10:53,58,2636,402400,43875
2018-04-04 11:00,44,2420,402500,43875
2018-04-04 11:05,76,8142,402600,43875
2018-04-04 11:10,102,3802,402700,43910
2018-04-04 11:15,126,3020,402700,43965
2018-04-04 11:20,206,34428,403100,44250
2018-04-04 11:25,154,13804,402900,44155
2018-04-04 11:29,134,13804,402700,44155
2018-04-04 13:30,66,2510,402500,44120
2018-04-04 13:35,412,3348,402300,44100
2018-04-04 13:40,160,3682,402500,44080
2018-04-04 13:45,132,4012,402300,44025
2018-04-04 13:50,236,1366,402100,44020
2018-04-04 13:55,158,4154,402200,43980
2018-04-04 14:00,228,8816,401900,43930
2018-04-04 14:04,172,8816,401900,43930
2018-04-04 14:10,430,2722,402100,43965
2018-04-04 14:15,250,7856,402200,43775
2018-04-04 14:20,284,5874,402000,43890
2018-04-04 14:25,132,2748,402000,43860
2018-04-04 14:30,218,2608,402200,43915
2018-04-04 14:35,142,2028,402100,43935
2018-04-04 14:40,330,4198,402600,44000
2018-04-04 14:45,260,4502,402100,44020
2018-04-04 14:50,574,4452,402300,44020
2018-04-04 14:55,668,7712,401400,44050
2018-04-04 15:00,1000,6808,401500,44080
2018-04-09 09:00,1096,7134,399100,44705
2018-04-09 09:05,1046,11250,398500,44690
2018-04-09 09:10,462,6746,399100,44710
2018-04-09 09:15,1280,7068,399800,44710
2018-04-09 09:20,284,10146,400200,44800
2018-04-09 09:25,250,3690,400000,44800
2018-04-09 09:30,354,10594,399700,45000
2018-04-09 09:35,120,12512,399700,45015
2018-04-09 09:40,446,5076,399200,44980
2018-04-09 09:45,248,4178,399200,45015
2018-04-09 09:50,176,2962,399600,44930
2018-04-09 09:55,116,3344,399500,44890
2018-04-09 10:00,218,1826,399900,44935
2018-04-09 10:05,576,1118,400200,44910
2018-04-09 10:10,350,1476,399600,44895
2018-04-09 10:14,202,914,400000,44905
2018-04-09 10:30,34,484,400100,44930
2018-04-09 10:35,144,1892,400100,44940
2018-04-09 10:40,154,1566,399900,44950
2018-04-09 10:45,70,3202,399900,45025
2018-04-09 10:50,72,2098,400000,45005
2018-04-09 10:53,46,2098,399900,45005
2018-04-09 11:00,188,1964,400300,45050
2018-04-09 11:05,362,2350,400300,45085
2018-04-09 11:10,232,9910,400200,45140
2018-04-09 11:15,66,5634,400300,45190
2018-04-09 11:20,402,4208,400600,45160
2018-04-09 11:25,592,3270,401000,45145
2018-04-09 11:29,748,1766,401500,45145
2018-04-09 13:30,112,808,401300,45160
2018-04-09 13:35,298,10424,401300,45295
2018-04-09 13:40,218,3230,401500,45270
2018-04-09 13:45,144,3058,401300,45230
2018-04-09 13:50,184,2698,401200,45215
2018-04-09 13:55,138,1906,401100,45245
2018-04-09 14:00,152,2922,401000,45265
2018-04-09 14:05,214,2070,401200,45230
2018-04-09 14:10,82,1320,401200,45240
2018-04-09 14:15,242,2662,401100,45245
2018-04-09 14:20,264,944,401300,45245
2018-04-09 14:25,58,3672,401300,45325
2018-04-09 14:30,80,2460,401400,45295
2018-04-09 14:35,156,2680,401400,45270
2018-04-09 14:40,156,4002,401400,45295
2018-04-09 14:45,146,3444,401500,45225
2018-04-09 14:50,890,3738,403200,45220
2018-04-09 14:55,954,4760,402900,45225
2018-04-09 14:59,648,4760,402300,45225
2018-04-10 09:00,220,6154,407900,45410
2018-04-10 09:05,528,14576,408000,45475
2018-04-10 09:10,188,9856,408300,45390
2018-04-10 09:15,388,3602,408700,45375
2018-04-10 09:20,136,4064,408700,45375
2018-04-10 09:25,318,2880,408800,45345
2018-04-10 09:30,190,5786,408900,45370
2018-04-10 09:35,128,1582,408900,45385
2018-04-10 09:40,414,3488,409500,45335
2018-04-10 09:45,274,4974,409800,45300
2018-04-10 09:50,330,3390,409800,45305
2018-04-10 09:55,188,1472,410000,45280
2018-04-10 10:00,284,3180,409700,45325
2018-04-10 10:05,260,4022,409800,45250
2018-04-10 10:10,116,3102,409600,45250
2018-04-10 10:15,182,1860,409900,45240
2018-04-10 10:30,1698,1606,412100,45320
2018-04-10 10:35,1044,4528,412500,45310
2018-04-10 10:40,494,4136,412300,45310
2018-04-10 10:45,512,2564,411900,45355
2018-04-10 10:50,324,3078,412300,45300
2018-04-10 10:55,174,2326,412100,45290
2018-04-10 11:00,544,3404,411300,45300
2018-04-10 11:05,328,2390,411200,45285
2018-04-10 11:10,208,1562,411700,45260
2018-04-10 11:15,186,2954,411600,45215
2018-04-10 11:20,138,2764,411700,45180
2018-04-10 11:25,144,3690,411700,45165
2018-04-10 11:29,94,3046,411700,45175
2018-04-10 13:30,140,968,412200,45205
2018-04-10 13:35,250,3892,412200,45210
2018-04-10 13:40,138,948,412000,45210
2018-04-10 13:45,178,1802,412100,45225
2018-04-10 13:50,262,2888,412300,45280
2018-04-10 13:55,180,2044,412300,45255
2018-04-10 14:00,136,2526,412300,45295
2018-04-10 14:05,298,2910,412400,45290
2018-04-10 14:10,258,1504,412200,45295
2018-04-10 14:15,222,4700,412200,45320
2018-04-10 14:20,1726,2914,414100,45360
2018-04-10 14:25,1470,3598,414800,45365
2018-04-10 14:30,776,1714,414900,45365
2018-04-10 14:35,864,5090,414500,45360
2018-04-10 14:40,510,2276,414300,45400
2018-04-10 14:45,492,2482,414300,45410
2018-04-10 14:50,712,16000,414900,45535
2018-04-10 14:55,1274,9012,413700,45515
2018-04-10 15:00,780,8492,413500,45490
2018-04-11 09:00,762,10180,421000,45625
2018-04-11 09:05,1124,22334,420100,45605
2018-04-11 09:10,768,10346,419800,45685
2018-04-11 09:15,1106,12436,418800,45640
2018-04-11 09:20,1250,4030,418700,45620
2018-04-11 09:25,714,5392,418200,45575
2018-04-11 09:30,552,10574,418500,45470
2018-04-11 09:35,342,8094,418600,45415
2018-04-11 09:40,350,3186,418700,45430
2018-04-11 09:45,1304,2984,417200,45425
2018-04-11 09:50,914,3370,417300,45365
2018-04-11 09:55,452,15154,417200,45250
2018-04-11 10:00,400,8704,417100,45290
2018-04-11 10:05,270,3718,417300,45315
2018-04-11 10:10,1034,3146,416500,45325
2018-04-11 10:14,332,2382,416800,45330
2018-04-11 10:30,58,1058,416600,45340
2018-04-11 10:35,188,3258,416800,45370
2018-04-11 10:40,430,1866,417300,45370
2018-04-11 10:45,162,1030,417300,45360
2018-04-11 10:50,162,1360,417200,45375
2018-04-11 10:55,392,4608,417000,45315
2018-04-11 11:00,370,9902,417700,45240
2018-04-11 11:05,162,8528,417400,45235
2018-04-11 11:10,76,8136,417300,45190
2018-04-11 11:15,110,5998,417300,45230
2018-04-11 11:20,920,3330,418100,45275
2018-04-11 11:25,162,1962,417800,45250
2018-04-11 11:29,300,1542,417100,45250
2018-04-11 13:30,190,936,417100,45270
2018-04-11 13:35,466,11898,417600,45275
2018-04-11 13:40,182,8570,417600,45150
2018-04-11 13:45,140,8864,417500,45135
2018-04-11 13:50,148,3040,417400,45170
2018-04-11 13:55,166,4224,417400,45190
2018-04-11 14:00,260,3522,417100,45195
2018-04-11 14:05,500,2052,416700,45215
2018-04-11 14:10,272,3390,417100,45240
2018-04-11 14:15,372,2196,416700,45285
2018-04-11 14:20,234,6932,416900,45315
2018-04-11 14:25,146,3996,417000,45335
2018-04-11 14:30,288,2720,417400,45305
2018-04-11 14:35,294,2348,417500,45320
2018-04-11 14:40,342,1936,417600,45275
2018-04-11 14:45,328,2858,417600,45310
2018-04-11 14:50,264,7258,417500,45300
2018-04-11 14:55,1054,5780,418700,45255
2018-04-11 14:59,1808,8762,417800,45225
2018-04-12 09:00,400,8172,425700,45355
2018-04-12 09:05,1890,16764,423800,45410
2018-04-12 09:10,582,10782,424200,45390
2018-04-12 09:15,374,11278,424900,45355
2018-04-12 09:20,552,3842,425100,45390
2018-04-12 09:25,320,3970,425600,45365
2018-04-12 09:30,282,10818,425100,45280
2018-04-12 09:35,214,6018,425500,45290
2018-04-12 09:40,190,20942,425300,45145
2018-04-12 09:45,198,8246,425100,45145
2018-04-12 09:50,332,8104,424900,45110
2018-04-12 09:55,258,5606,425200,45155
2018-04-12 10:00,152,7620,425200,45085
2018-04-12 10:05,142,21066,425200,45000
2018-04-12 10:10,120,17676,425100,44915
2018-04-12 10:15,132,10942,425700,44835
2018-04-12 10:30,1688,5528,428900,44970
2018-04-12 10:35,1774,6244,427800,44960
2018-04-12 10:40,980,3874,427100,44910
2018-04-12 10:45,736,3190,427200,44945
2018-04-12 10:50,216,1724,427200,44950
2018-04-12 10:55,354,8048,427900,45030
2018-04-12 11:00,284,3788,427800,45040
2018-04-12 11:05,344,2638,428500,45030
2018-04-12 11:10,866,4992,428300,45030
2018-04-12 11:15,454,6778,428600,45035
2018-04-12 11:20,250,2506,428100,45060
2018-04-12 11:25,452,5450,428100,45115
2018-04-12 11:30,154,4404,428400,45120
2018-04-12 13:30,962,1626,425900,45085
2018-04-12 13:35,1634,4210,427100,45075
2018-04-12 13:40,238,8624,427400,45045
2018-04-12 13:45,280,13734,427100,45230
2018-04-12 13:50,476,11948,427200,45290
2018-04-12 13:55,156,7096,427300,45240
2018-04-12 14:00,152,5090,427200,45260
2018-04-12 14:05,520,3052,427000,45250
2018-04-12 14:10,212,3246,427200,45200
2018-04-12 14:15,756,3332,428300,45190
2018-04-12 14:20,2412,3104,429600,45200
2018-04-12 14:25,1040,8518,428800,45320
2018-04-12 14:30,584,8210,428900,45325
2018-04-12 14:35,412,4776,428800,45245
2018-04-12 14:40,272,3826,429000,45215
2018-04-12 14:45,672,2934,428800,45195
2018-04-12 14:50,642,5462,428700,45180
2018-04-12 14:55,852,5868,428500,45155
2018-04-12 15:00,1066,5698,428700,45190
2018-04-13 09:00,576,10496,426300,44930
2018-04-13 09:05,412,26482,426900,44875
2018-04-13 09:10,1182,12162,426800,44960
2018-04-13 09:15,216,7206,426900,44970
2018-04-13 09:20,304,6734,426600,44965
2018-04-13 09:25,418,6432,426900,44970
2018-04-13 09:30,466,6386,426800,44935
2018-04-13 09:35,152,7530,426800,45055
2018-04-13 09:40,190,5084,427100,45030
2018-04-13 09:45,230,12706,426800,45050
2018-04-13 09:50,250,5028,426600,45060
2018-04-13 09:55,128,1974,426800,45075
2018-04-13 10:00,162,2104,426700,45045
2018-04-13 10:05,100,5542,426800,45150
2018-04-13 10:10,108,5438,426600,45140
2018-04-13 10:15,80,3002,426700,45105
2018-04-13 10:30,52,934,426500,45120
2018-04-13 10:35,112,5502,426600,45075
2018-04-13 10:40,184,3410,426900,45090
2018-04-13 10:45,214,2860,426900,45135
2018-04-13 10:50,28,10342,426800,45170
2018-04-13 10:55,130,2512,427000,45180
2018-04-13 11:00,116,1938,426900,45195
2018-04-13 11:05,88,6438,426900,45240
2018-04-13 11:10,118,14020,426900,45230
2018-04-13 11:15,134,8748,426800,45275
2018-04-13 11:20,96,2956,426700,45255
2018-04-13 11:25,112,2312,426700,45260
2018-04-13 11:29,120,2352,426800,45235
2018-04-13 13:30,596,2252,427400,45200
2018-04-13 13:35,720,6744,427500,45170
2018-04-13 13:40,704,7678,428100,45085
2018-04-13 13:45,532,9912,427500,45050
2018-04-13 13:50,542,7218,427900,45030
2018-04-13 13:55,502,8140,428100,44980
2018-04-13 14:00,284,16984,427900,44930
2018-04-13 14:05,110,12094,427800,44880
2018-04-13 14:10,350,9282,427800,44865
2018-04-13 14:15,438,5342,427500,44875
2018-04-13 14:20,602,3306,427300,44910
2018-04-13 14:25,402,2562,427100,44930
2018-04-13 14:30,234,3698,427400,44955
2018-04-13 14:35,122,2826,427400,44945
2018-04-13 14:40,272,3616,427400,44895
2018-04-13 14:45,184,6390,427300,44880
2018-04-13 14:50,448,5876,427100,44975
2018-04-13 14:55,654,8014,427000,45015
2018-04-13 15:00,528,7268,427000,45040
2018-04-16 09:00,1966,6814,426500,44975
2018-04-16 09:05,2606,26458,425000,44845
2018-04-16 09:10,2210,10178,424700,45025
2018-04-16 09:15,812,7562,424800,44995
2018-04-16 09:20,506,7004,424800,44990
2018-04-16 09:25,334,13284,425200,45130
2018-04-16 09:30,462,8204,425000,45100
2018-04-16 09:35,246,4620,425200,45110
2018-04-16 09:40,518,8188,425400,44975
2018-04-16 09:45,152,6132,425500,45070
2018-04-16 09:50,148,3314,425700,45065
2018-04-16 09:55,484,2024,425600,45030
2018-04-16 10:00,258,5816,425700,44995
2018-04-16 10:05,188,3902,425500,44980
2018-04-16 10:10,1276,2188,424900,44980
2018-04-16 10:15,226,4664,424900,44945
2018-04-16 10:30,194,1318,425000,44990
2018-04-16 10:35,208,11226,424900,45100
2018-04-16 10:40,132,15084,425000,45150
2018-04-16 10:45,194,11026,425300,45160
2018-04-16 10:50,218,45758,425200,45390
2018-04-16 10:55,124,25886,425200,45455
2018-04-16 11:00,224,14704,424800,45405
2018-04-16 11:05,268,8746,425300,45435
2018-04-16 11:10,80,10202,425200,45350
2018-04-16 11:15,146,5350,425200,45340
2018-04-16 11:20,66,9414,425100,45270
2018-04-16 11:25,516,6802,425600,45285
2018-04-16 11:29,1026,5112,426100,45325
2018-04-16 13:30,220,1446,425600,45305
2018-04-16 13:35,278,4952,425700,45300
2018-04-16 13:40,678,8460,426200,45170
2018-04-16 13:45,618,32464,426200,44935
2018-04-16 13:50,1086,22344,426900,44865
2018-04-16 13:55,566,26034,426700,44770
2018-04-16 14:00,294,24094,426700,44730
2018-04-16 14:05,276,12160,426600,44740
2018-04-16 14:10,580,7760,426300,44760
2018-04-16 14:15,142,5508,426500,44715
2018-04-16 14:20,324,11030,426500,44735
2018-04-16 14:25,780,5034,426100,44695
2018-04-16 14:30,128,12856,426100,44635
2018-04-16 14:35,210,8518,426100,44635
2018-04-16 14:40,430,7858,425800,44635
2018-04-16 14:45,738,13564,425800,44700
2018-04-16 14:50,544,2994,425900,44715
2018-04-16 14:55,866,8962,425500,44705
2018-04-17 09:00,624,5358,424800,44720
2018-04-17 09:05,856,17662,424700,44605
2018-04-17 09:10,280,6478,424700,44650
2018-04-17 09:15,978,13252,425500,44535
2018-04-17 09:20,594,8212,425700,44585
2018-04-17 09:25,262,7994,425500,44615
2018-04-17 09:30,376,3296,425200,44605
2018-04-17 09:35,204,4962,425000,44535
2018-04-17 09:40,186,7858,425100,44670
2018-04-17 09:45,226,4394,424900,44635
2018-04-17 09:50,134,2738,425000,44615
2018-04-17 09:55,222,4046,425000,44590
2018-04-17 10:00,222,4512,424900,44620
2018-04-17 10:05,256,10128,424700,44685
2018-04-17 10:10,304,2432,424800,44680
2018-04-17 10:14,158,2886,424700,44730
2018-04-17 10:30,38,4908,424700,44765
2018-04-17 10:35,200,5930,425100,44750
2018-04-17 10:40,564,3974,425500,44760
2018-04-17 10:45,252,5322,425400,44775
2018-04-17 10:50,136,5156,425200,44725
2018-04-17 10:55,190,7012,425500,44795
2018-04-17 11:00,550,7854,425700,44730
2018-04-17 11:05,148,2724,425600,44750
2018-04-17 11:10,104,4650,425700,44775
2018-04-17 11:15,314,6902,425500,44795
2018-04-17 11:20,234,9060,425500,44840
2018-04-17 11:25,174,5188,425500,44750
2018-04-17 11:29,278,1500,425400,44760
2018-04-17 13:30,30,1228,425500,44725
2018-04-17 13:35,156,3334,425300,44705
2018-04-17 13:40,234,1948,425300,44730
2018-04-17 13:45,406,5234,425000,44660
2018-04-17 13:50,178,7466,425100,44795
2018-04-17 13:55,74,2868,425000,44780
2018-04-17 14:00,86,4106,425200,44715
2018-04-17 14:05,96,2838,425200,44725
2018-04-17 14:10,118,3318,425500,44775
2018-04-17 14:15,458,6232,425400,44675
2018-04-17 14:20,142,4712,425500,44670
2018-04-17 14:25,178,7926,425400,44635
2018-04-17 14:30,92,5266,425200,44660
2018-04-17 14:35,188,3510,425400,44685
2018-04-17 14:40,236,4428,425200,44665
2018-04-17 14:45,318,2168,425000,44685
2018-04-17 14:50,504,3168,424800,44715
2018-04-17 14:55,1068,2734,425800,44685
2018-04-18 09:00,1344,16080,427700,45050
2018-04-18 09:05,1708,30522,427500,45205
2018-04-18 09:10,712,20844,427600,45195
2018-04-18 09:15,624,15580,427800,45150
2018-04-18 09:20,766,6356,428400,45115
2018-04-18 09:25,526,8968,428200,45095
2018-04-18 09:30,336,7830,428000,45080
2018-04-18 09:35,626,11776,428000,44980
2018-04-18 09:40,144,20400,427900,44850
2018-04-18 09:45,268,9638,428300,44875
2018-04-18 09:50,998,3892,428300,44910
2018-04-18 09:55,220,4750,428400,44880
2018-04-18 10:00,334,6478,428000,44860
2018-04-18 10:05,346,3902,428000,44870
2018-04-18 10:10,80,2308,428000,44870
2018-04-18 10:14,140,1700,427900,44845
2018-04-18 10:30,36,1360,428100,44835
2018-04-18 10:35,212,7330,428000,44845
2018-04-18 10:40,80,5234,428100,44810
2018-04-18 10:45,116,7130,428000,44775
2018-04-18 10:50,92,5612,428100,44760
2018-04-18 10:55,82,8030,428200,44735
2018-04-18 11:00,96,4544,428200,44800
2018-04-18 11:05,200,4636,428300,44790
2018-04-18 11:10,406,1790,428100,44805
2018-04-18 11:15,62,3022,428300,44845
2018-04-18 11:20,178,3208,428200,44775
2018-04-18 11:25,114,3390,428400,44770
2018-04-18 11:30,398,7368,428600,44680
2018-04-18 13:30,1104,5616,429200,44700
2018-04-18 13:35,2248,10360,429900,44785
2018-04-18 13:40,1884,4590,430200,44840
2018-04-18 13:45,2670,6386,430500,44885
2018-04-18 13:50,586,2734,430300,44845
2018-04-18 13:55,1342,3818,430000,44815
2018-04-18 14:00,682,3416,429900,44850
2018-04-18 14:05,402,4374,430300,44840
2018-04-18 14:10,984,2120,430400,44870
2018-04-18 14:15,648,8552,430100,44870
2018-04-18 14:20,350,4314,430300,44895
2018-04-18 14:25,236,2596,430200,44895
2018-04-18 14:30,220,2564,430300,44880
2018-04-18 14:35,278,4350,430300,44810
2018-04-18 14:40,910,4002,430200,44775
2018-04-18 14:45,310,4674,430200,44760
2018-04-18 14:50,238,7504,430300,44820
2018-04-18 14:55,1082,3592,430000,44820
2018-04-18 15:00,1526,6404,429700,44775
2018-04-19 09:00,1976,13806,440200,45130
2018-04-19 09:05,1562,19334,439100,44985
2018-04-19 09:10,660,14476,439300,45065
2018-04-19 09:15,340,6138,439200,45075
2018-04-19 09:20,412,7280,439400,45010
2018-04-19 09:25,278,4848,439400,45000
2018-04-19 09:30,130,4534,439300,45020
2018-04-19 09:35,342,8658,439300,44995
2018-04-19 09:40,132,3926,439300,45010
2018-04-19 09:45,136,3434,439200,44985
2018-04-19 09:50,150,2158,439300,44995
2018-04-19 09:55,128,2246,439200,44955
2018-04-19 10:00,152,21628,439400,44880
2018-04-19 10:05,198,10802,439500,44820
2018-04-19 10:10,86,7560,439600,44880
2018-04-19 10:14,144,2470,439500,44885
2018-04-19 10:30,144,1532,439700,44910
2018-04-19 10:35,226,11546,439700,44960
2018-04-19 10:40,222,4846,439600,44930
2018-04-19 10:45,138,5942,439400,44895
2018-04-19 10:50,46,1512,439400,44900
2018-04-19 10:55,130,3562,439400,44955
2018-04-19 11:00,164,2522,439500,44920
2018-04-19 11:05,114,4732,439300,44945
2018-04-19 11:10,80,2190,439400,44935
2018-04-19 11:15,132,2872,439200,44935
2018-04-19 11:20,320,1766,439100,44925
2018-04-19 11:25,154,4546,439400,44935
2018-04-19 11:30,526,5100,440100,44975
2018-04-19 13:30,228,6240,440200,45020
2018-04-19 13:35,508,10042,439800,45030
2018-04-19 13:40,236,5572,439700,44975
2018-04-19 13:45,312,7114,439400,45040
2018-04-19 13:50,302,13136,439300,45100
2018-04-19 13:55,394,9886,439600,45110
2018-04-19 14:00,746,10446,440000,45160
2018-04-19 14:05,548,29336,440000,45200
2018-04-19 14:10,262,14812,439900,45225
2018-04-19 14:15,238,10562,440000,45235
2018-04-19 14:20,238,12764,439700,45175
2018-04-19 14:25,298,4858,439800,45170
2018-04-19 14:30,254,11262,439700,45130
2018-04-19 14:35,244,10158,439700,45110
2018-04-19 14:40,122,6014,439900,45150
2018-04-19 14:45,278,5210,439900,45160
2018-04-19 14:50,1718,9810,441100,45110
2018-04-19 14:55,1006,4282,441100,45125
2018-04-19 14:59,1038,7672,440600,45130
2018-04-20 09:00,640,8640,437700,45065
2018-04-20 09:05,848,12258,436900,45035
2018-04-20 09:10,320,8960,437000,45085
2018-04-20 09:15,180,7590,437300,45105
2018-04-20 09:20,230,9264,437300,45140
2018-04-20 09:25,186,6478,437000,45075
2018-04-20 09:30,244,6676,437000,45065
2018-04-20 09:35,186,8890,437000,45025
2018-04-20 09:40,188,4822,437200,45040
2018-04-20 09:45,342,6276,436900,45010
2018-04-20 09:50,532,4456,437600,45030
2018-04-20 09:55,1100,3534,438400,45090
2018-04-20 10:00,218,3394,438200,45065
2018-04-20 10:05,242,1892,438600,45030
2018-04-20 10:10,284,1722,438300,45060
2018-04-20 10:14,196,1068,438700,45065
2018-04-20 10:30,188,544,438800,45065
2018-04-20 10:35,436,2530,438600,45085
2018-04-20 10:40,408,3642,438200,45060
2018-04-20 10:45,106,1612,438200,45060
2018-04-20 10:50,202,3230,438100,45040
2018-04-20 10:55,526,7378,437800,45005
2018-04-20 11:00,350,26166,437700,44840
2018-04-20 11:05,142,14022,437900,44865
2018-04-20 11:10,188,8076,438200,44845
2018-04-20 11:15,178,7374,438200,44815
2018-04-20 11:20,200,4316,438300,44825
2018-04-20 11:25,462,13614,437800,44755
2018-04-20 11:29,258,7594,438000,44825
2018-04-20 13:30,594,3548,437000,44785
2018-04-20 13:35,570,6606,437300,44800
2018-04-20 13:40,518,14616,436800,44710
2018-04-20 13:45,246,16144,437000,44660
2018-04-20 13:50,336,38082,437000,44475
2018-04-20 13:55,216,13974,437300,44480
2018-04-20 14:00,166,16214,437300,44475
2018-04-20 14:05,308,20636,437500,44315
2018-04-20 14:10,140,29036,437400,44250
2018-04-20 14:15,216,20652,437100,44245
2018-04-20 14:20,1318,7068,436400,44260
2018-04-20 14:25,398,7862,436900,44285
2018-04-20 14:30,228,14876,436800,44180
2018-04-20 14:35,528,16032,437200,44135
2018-04-20 14:40,326,10032,437400,44140
2018-04-20 14:45,242,8904,437400,44170
2018-04-20 14:50,1082,7958,437300,44200
2018-04-20 14:55,748,10490,437900,44155
2018-04-20 15:00,1422,21252,436700,44025
2018-04-23 09:00,754,10056,437900,44090
2018-04-23 09:05,702,19826,438100,44095
2018-04-23 09:10,628,10278,437300,44140
2018-04-23 09:15,238,5108,437600,44145
2018-04-23 09:20,442,16554,437700,44230
2018-04-23 09:25,340,8504,437600,44220
2018-04-23 09:30,332,9994,437700,44240
2018-04-23 09:35,240,6966,437400,44265
2018-04-23 09:40,606,6360,438000,44220
2018-04-23 09:45,822,10550,438500,44235
2018-04-23 09:50,850,5986,439800,44335
2018-04-23 09:55,740,4282,439000,44275
2018-04-23 10:00,220,4344,439100,44245
2018-04-23 10:05,302,6328,439300,44175
2018-04-23 10:10,382,4762,438700,44160
2018-04-23 10:15,148,5416,439000,44230
2018-04-23 10:30,84,992,438800,44215
2018-04-23 10:35,204,9248,438700,44280
2018-04-23 10:40,196,5564,438800,44265
2018-04-23 10:45,228,5012,439100,44175
2018-04-23 10:50,90,7368,439000,44150
2018-04-23 10:55,124,3598,439100,44200
2018-04-23 11:00,304,5736,439200,44200
2018-04-23 11:05,140,3396,439200,44180
2018-04-23 11:10,164,5988,439400,44140
2018-04-23 11:15,140,9098,439300,44100
2018-04-23 11:20,178,27008,439500,44195
2018-04-23 11:25,314,12450,439600,44205
2018-04-23 11:29,632,3952,439700,44200
2018-04-23 13:30,116,1616,439600,44210
2018-04-23 13:35,598,3832,440100,44215
2018-04-23 13:40,362,3604,440400,44195
2018-04-23 13:45,384,6066,440300,44235
2018-04-23 13:50,322,2366,440400,44215
2018-04-23 13:55,164,7518,440300,44285
2018-04-23 14:00,154,7606,440200,44270
2018-04-23 14:05,150,2692,440300,44245
2018-04-23 14:10,354,3036,440300,44260
2018-04-23 14:15,264,1656,440300,44240
2018-04-23 14:20,348,9124,440100,44150
2018-04-23 14:25,1070,3914,439800,44165
2018-04-23 14:30,366,3088,439600,44230
2018-04-23 14:35,420,2752,439800,44215
2018-04-23 14:40,130,1346,439800,44200
2018-04-23 14:45,342,1960,439900,44210
2018-04-23 14:50,326,3016,439600,44175
2018-04-23 14:55,862,3754,439700,44195
2018-04-23 15:00,902,6500,439700,44200
2018-04-24 09:00,780,9908,444900,44325
2018-04-24 09:05,1010,16690,445100,44330
2018-04-24 09:10,1274,6532,446000,44345
2018-04-24 09:15,2172,7566,446700,44370
2018-04-24 09:20,936,11680,446600,44395
2018-04-24 09:25,510,7822,446400,44315
2018-04-24 09:30,934,5126,446200,44330
2018-04-24 09:35,228,5564,446200,44275
2018-04-24 09:40,282,8778,446500,44305
2018-04-24 09:45,386,6346,445900,44235
2018-04-24 09:50,292,5954,446200,44195
2018-04-24 09:55,648,3202,446800,44255
2018-04-24 10:00,868,4652,447300,44305
2018-04-24 10:05,438,2308,447000,44275
2018-04-24 10:10,238,3294,447100,44230
2018-04-24 10:15,694,1314,447500,44260
2018-04-24 10:30,220,992,447500,44265
2018-04-24 10:35,1100,8304,448200,44320
2018-04-24 10:40,540,3582,447700,44315
2018-04-24 10:45,528,3984,448000,44260
2018-04-24 10:50,600,13820,447900,44140
2018-04-24 10:55,154,6944,447800,44185
2018-04-24 11:00,550,3820,448100,44220
2018-04-24 11:05,766,2720,448600,44205
2018-04-24 11:10,636,2402,448700,44190
2018-04-24 11:15,450,4862,448100,44225
2018-04-24 11:20,312,2642,448300,44245
2018-04-24 11:25,276,1586,448100,44250
2018-04-24 11:30,328,7108,448000,44310
2018-04-24 13:30,822,5526,448900,44385
2018-04-24 13:35,948,8906,448700,44340
2018-04-24 13:40,352,6340,448600,44380
2018-04-24 13:45,526,6682,448800,44365
2018-04-24 13:50,674,8084,449000,44380
2018-04-24 13:55,700,3628,448300,44360
2018-04-24 14:00,552,4460,448300,44305
2018-04-24 14:05,978,4152,448900,44280
2018-04-24 14:10,386,4910,448600,44275
2018-04-24 14:15,388,4612,448900,44255
2018-04-24 14:20,242,6770,448600,44245
2018-04-24 14:25,300,3068,448700,44280
2018-04-24 14:30,324,3140,448800,44285
2018-04-24 14:35,310,2116,448700,44285
2018-04-24 14:40,416,2766,448700,44280
2018-04-24 14:45,798,2634,448100,44280
2018-04-24 14:50,604,2892,448300,44305
2018-04-24 14:55,932,4662,447800,44255
2018-04-24 15:00,1192,6266,447300,44275
2018-04-25 09:00,620,7974,440100,44140
2018-04-25 09:05,596,20714,440400,44280
2018-04-25 09:10,392,11478,440600,44220
2018-04-25 09:15,260,6490,440400,44205
2018-04-25 09:20,2026,9548,438900,44145
2018-04-25 09:25,1662,26434,438700,44070
2018-04-25 09:30,752,6140,438400,44080
2018-04-25 09:35,600,13734,438500,44190
2018-04-25 09:40,374,3416,438600,44205
2018-04-25 09:45,1484,2990,438000,44215
2018-04-25 09:50,676,3174,437600,44210
2018-04-25 09:55,430,2484,437100,44225
2018-04-25 10:00,1064,2890,436900,44220
2018-04-25 10:05,632,2182,437200,44205
2018-04-25 10:10,540,30972,437900,44490
2018-04-25 10:15,224,39894,437600,44615
2018-04-25 10:30,86,8346,437400,44595
2018-04-25 10:35,232,12590,437500,44540
2018-04-25 10:40,442,10172,438100,44520
2018-04-25 10:45,294,9416,438100,44515
2018-04-25 10:50,612,5020,438600,44535
2018-04-25 10:55,590,4314,438300,44505
2018-04-25 11:00,410,5804,438400,44540
2018-04-25 11:05,284,3660,438300,44565
2018-04-25 11:10,294,24302,438600,44685
2018-04-25 11:15,438,17392,438700,44740
2018-04-25 11:20,430,16686,438400,44730
2018-04-25 11:25,128,12704,438500,44635
2018-04-25 11:29,314,5308,438900,44685
2018-04-25 13:30,170,1848,438300,44635
2018-04-25 13:35,220,4720,438400,44680
2018-04-25 13:40,1226,3844,437500,44640
2018-04-25 13:45,442,11014,437600,44580
2018-04-25 13:50,298,6958,437700,44580
2018-04-25 13:55,316,5284,438100,44585
2018-04-25 14:00,328,4534,438200,44615
2018-04-25 14:05,434,5432,438500,44650
2018-04-25 14:10,184,2234,438300,44660
2018-04-25 14:15,244,3488,438500,44650
2018-04-25 14:20,200,2844,438600,44660
2018-04-25 14:25,298,8448,438500,44685
2018-04-25 14:30,230,3370,438200,44695
2018-04-25 14:35,600,9542,437900,44740
2018-04-25 14:40,296,5184,438000,44710
2018-04-25 14:45,378,5096,437600,44670
2018-04-25 14:50,624,3474,437900,44680
2018-04-25 14:55,918,4426,437600,44680
2018-04-25 14:59,964,7574,438000,44720
2018-04-26 09:00,1464,7082,443500,44720
2018-04-26 09:05,1710,21164,443400,44645
2018-04-26 09:10,1102,5430,443900,44685
2018-04-26 09:15,718,8086,443800,44650
2018-04-26 09:20,572,5272,443900,44700
2018-04-26 09:25,728,2898,444300,44695
2018-04-26 09:30,506,2614,444400,44700
2018-04-26 09:35,470,7586,444400,44760
2018-04-26 09:40,510,5054,443900,44780
2018-04-26 09:45,544,4258,443900,44705
2018-04-26 09:50,756,1828,443700,44725
2018-04-26 09:55,266,4218,443900,44745
2018-04-26 10:00,204,4390,443700,44750
2018-04-26 10:05,136,2370,443900,44750
2018-04-26 10:10,98,2624,443800,44700
2018-04-26 10:14,412,2176,444200,44720
2018-04-26 10:30,204,1538,443600,44660
2018-04-26 10:35,284,3550,443600,44755
2018-04-26 10:40,848,5220,444200,44785
2018-04-26 10:45,700,23936,444200,44910
2018-04-26 10:50,260,13086,444300,44895
2018-04-26 10:55,124,5078,444200,44880
2018-04-26 11:00,166,4930,444100,44915
2018-04-26 11:05,136,3512,444200,44890
2018-04-26 11:10,56,5018,444200,44885
2018-04-26 11:15,422,2766,444300,44900
2018-04-26 11:20,114,9096,444400,44920
2018-04-26 11:25,546,4218,444500,44890
2018-04-26 11:29,252,6536,444800,44850
2018-04-26 13:30,342,1956,443900,44830
2018-04-26 13:35,488,4830,444300,44795
2018-04-26 13:40,286,6370,444100,44720
2018-04-26 13:45,262,5320,444100,44735
2018-04-26 13:50,604,3066,443700,44725
2018-04-26 13:55,590,2510,443700,44730
2018-04-26 14:00,158,5078,443800,44695
2018-04-26 14:05,156,1866,443800,44690
2018-04-26 14:10,244,3408,444000,44705
2018-04-26 14:15,422,1586,443500,44695
2018-04-26 14:20,2624,1686,443100,44680
2018-04-26 14:25,652,3932,442800,44690
2018-04-26 14:30,882,4336,442400,44700
2018-04-26 14:35,1026,2264,442400,44670
2018-04-26 14:40,690,4704,442100,44645
2018-04-26 14:45,2164,4782,441000,44640
2018-04-26 14:50,840,4302,441400,44665
2018-04-26 14:55,824,4230,441500,44650
2018-04-26 15:00,996,7324,441400,44650
2018-04-27 09:00,230,3230,442700,44720
2018-04-27 09:05,610,7012,442500,44765
2018-04-27 09:10,554,6626,441900,44810
2018-04-27 09:15,860,3486,441800,44795
2018-04-27 09:20,530,3906,441900,44765
2018-04-27 09:25,486,5316,442100,44855
2018-04-27 09:30,232,14356,442100,44855
2018-04-27 09:35,276,9206,442100,44835
2018-04-27 09:40,386,2674,442100,44885
2018-04-27 09:45,226,7374,442200,44890
2018-04-27 09:50,210,5554,442100,44845
2018-04-27 09:55,114,3388,442000,44840
2018-04-27 10:00,218,4446,442100,44845
2018-04-27 10:05,252,2640,442400,44865
2018-04-27 10:10,700,7438,442300,44930
2018-04-27 10:14,288,9178,442200,44940
2018-04-27 10:30,60,5650,442300,44975
2018-04-27 10:35,204,5784,442300,44915
2018-04-27 10:40,74,3780,442400,44885
2018-04-27 10:45,174,1646,442100,44905
2018-04-27 10:50,252,1714,442100,44890
2018-04-27 10:55,140,1518,442100,44880
2018-04-27 11:00,240,8536,442100,44815
2018-04-27 11:05,84,3724,442200,44860
2018-04-27 11:10,120,4158,442100,44845
2018-04-27 11:15,296,2544,441900,44875
2018-04-27 11:20,452,1956,441800,44820
2018-04-27 11:25,252,2792,441900,44830
2018-04-27 11:29,226,2366,442000,44845
2018-04-27 13:30,372,3374,442500,44760
2018-04-27 13:35,340,5172,442200,44800
2018-04-27 13:40,282,3292,442100,44810
2018-04-27 13:45,130,2412,442100,44790
2018-04-27 13:50,450,1742,442200,44795
2018-04-27 13:55,434,5252,442000,44765
2018-04-27 14:00,190,2640,442200,44775
2018-04-27 14:05,336,2922,442300,44800
2018-04-27 14:10,492,2154,442400,44785
2018-04-27 14:15,556,3250,442300,44835
2018-04-27 14:20,1312,2300,441800,44800
2018-04-27 14:25,554,5730,442300,44895
2018-04-27 14:30,458,7408,442100,44780
2018-04-27 14:35,314,3926,442400,44770
2018-04-27 14:40,272,12124,442500,44745
2018-04-27 14:45,1166,2956,442800,44740
2018-04-27 14:50,3174,4606,444900,44775
2018-04-27 14:55,1616,4426,444900,44820
2018-04-27 14:59,1714,5964,444200,44860
2018-05-02 09:00,1436,8300,440300,44990
2018-05-02 09:05,1994,23666,440900,45120
2018-05-02 09:10,910,63232,440500,45615
2018-05-02 09:15,948,48924,441100,45730
2018-05-02 09:20,572,15288,440500,45695
2018-05-02 09:25,1032,22368,440100,45880
2018-05-02 09:30,1542,17598,439900,45840
2018-05-02 09:35,1730,13020,439500,45850
2018-05-02 09:40,534,8548,439500,45820
2018-05-02 09:45,498,5652,439600,45760
2018-05-02 09:50,550,6870,440200,45755
2018-05-02 09:55,356,3464,440200,45785
2018-05-02 10:00,572,8996,439600,45805
2018-05-02 10:05,332,5808,439900,45820
2018-05-02 10:10,146,5810,440100,45795
2018-05-02 10:15,226,2614,440000,45760
2018-05-02 10:30,60,4382,440100,45745
2018-05-02 10:35,1188,4122,440800,45765
2018-05-02 10:40,376,4270,440600,45785
2018-05-02 10:45,202,2930,440500,45790
2018-05-02 10:50,182,2904,440400,45770
2018-05-02 10:55,204,6578,440700,45725
2018-05-02 11:00,102,4692,440500,45780
2018-05-02 11:05,702,2162,441100,45780
2018-05-02 11:10,432,7206,440800,45735
2018-05-02 11:15,640,3980,441200,45760
2018-05-02 11:20,506,6424,440900,45760
2018-05-02 11:25,236,5420,441100,45745
2018-05-02 11:30,260,6284,441000,45765
2018-05-02 13:30,452,2084,440800,45780
2018-05-02 13:35,288,3744,441100,45765
2018-05-02 13:40,1210,4266,441500,45750
2018-05-02 13:45,748,9860,441300,45715
2018-05-02 13:50,372,7952,441400,45770
2018-05-02 13:55,612,8594,441900,45770
2018-05-02 14:00,502,5078,441700,45705
2018-05-02 14:05,988,4748,442100,45745
2018-05-02 14:10,680,4280,441800,45775
2018-05-02 14:15,682,3112,442100,45770
2018-05-02 14:20,474,2686,442300,45780
2018-05-02 14:25,402,4142,442200,45730
2018-05-02 14:30,1500,9458,443100,45835
2018-05-02 14:35,868,9840,442800,45820
2018-05-02 14:40,816,5454,443200,45815
2018-05-02 14:45,1398,5866,443800,45835
2018-05-02 14:50,700,5376,443700,45855
2018-05-02 14:55,972,9096,443900,45845
2018-05-02 15:00,1322,14302,443500,45925
2018-05-03 09:00,850,12458,443700,45955
2018-05-03 09:05,1046,18396,444200,45880
2018-05-03 09:10,994,9536,444400,45890
2018-05-03 09:15,2400,7354,445500,45900
2018-05-03 09:20,1956,9024,445500,45965
2018-05-03 09:25,3442,21852,447200,46040
2018-05-03 09:30,1254,8328,446700,45965
2018-05-03 09:35,1248,5868,447000,45995
2018-05-03 09:40,766,3478,447400,46015
2018-05-03 09:45,1548,2830,447000,46005
2018-05-03 09:50,480,2800,446700,45990
2018-05-03 09:55,362,2826,446800,45980
2018-05-03 10:00,660,3722,446800,46010
2018-05-03 10:05,262,3028,446800,46010
2018-05-03 10:10,212,10068,446600,45955
2018-05-03 10:14,624,2548,446600,45975
2018-05-03 10:30,140,402,446700,45985
2018-05-03 10:35,322,5940,446400,45990
2018-05-03 10:40,326,3328,446500,45995
2018-05-03 10:45,214,2726,446600,46000
2018-05-03 10:50,244,3620,446700,45980
2018-05-03 10:55,182,3980,446600,45930
2018-05-03 11:00,300,2474,446500,45975
2018-05-03 11:05,322,1628,446800,45960
2018-05-03 11:10,386,4946,446800,46005
2018-05-03 11:15,364,1564,446800,45985
2018-05-03 11:20,180,2794,446700,46015
2018-05-03 11:25,168,3950,446800,45995
2018-05-03 11:30,254,1974,446500,46020
2018-05-03 13:30,250,1894,446200,46035
2018-05-03 13:35,600,3858,446400,45985
2018-05-03 13:40,418,7264,446600,45945
2018-05-03 13:45,194,8274,446400,45870
2018-05-03 13:50,176,4642,446400,45875
2018-05-03 13:55,160,3198,446500,45890
2018-05-03 14:00,122,4544,446500,45885
2018-05-03 14:05,476,3760,446800,45900
2018-05-03 14:10,220,2928,446600,45870
2018-05-03 14:15,470,3364,446300,45880
2018-05-03 14:20,244,7698,446600,45980
2018-05-03 14:25,440,5466,446800,45965
2018-05-03 14:30,880,4992,446700,45980
2018-05-03 14:35,532,6814,447200,45975
2018-05-03 14:40,570,7276,447200,45990
2018-05-03 14:45,966,3832,447800,45995
2018-05-03 14:50,1002,3610,446900,45980
2018-05-03 14:55,1418,8308,447200,46000
2018-05-03 14:59,1520,8794,447000,45995
2018-05-04 09:00,778,8236,448000,46040
2018-05-04 09:05,1238,11912,448000,46055
2018-05-04 09:10,534,10494,447800,46130
2018-05-04 09:15,826,15440,447700,46210
2018-05-04 09:20,434,10256,447700,46235
2018-05-04 09:25,1240,16532,447300,46295
2018-05-04 09:30,488,7514,447100,46245
2018-05-04 09:35,906,4538,447000,46250
2018-05-04 09:40,384,3434,447400,46220
2018-05-04 09:45,386,6438,447300,46190
2018-05-04 09:50,382,6686,447200,46155
2018-05-04 09:55,198,2638,447100,46150
2018-05-04 10:00,224,3874,447200,46165
2018-05-04 10:05,446,2770,446800,46130
2018-05-04 10:10,434,3840,446900,46080
2018-05-04 10:14,410,3250,447000,46090
2018-05-04 10:30,166,1564,447100,46115
2018-05-04 10:35,260,2238,447100,46135
2018-05-04 10:40,26,3282,447000,46115
2018-05-04 10:45,1202,1054,447800,46120
2018-05-04 10:50,700,772,447500,46130
2018-05-04 10:55,200,2496,447400,46080
2018-05-04 11:00,394,15530,447200,46020
2018-05-04 11:05,298,5668,447400,45990
2018-05-04 11:10,208,3198,447300,45975
2018-05-04 11:15,152,2864,447200,45980
2018-05-04 11:20,174,4908,447200,46015
2018-05-04 11:25,164,2232,447500,46070
2018-05-04 11:29,392,2500,447500,46060
2018-05-04 13:30,76,898,447700,46085
2018-05-04 13:35,340,1818,447400,46055
2018-05-04 13:40,366,2256,447700,46090
2018-05-04 13:45,576,1500,447600,46035
2018-05-04 13:50,564,7842,447600,46170
2018-05-04 13:55,602,5684,447700,46155
2018-05-04 14:00,466,7454,447500,46185
2018-05-04 14:05,230,11562,447500,46240
2018-05-04 14:10,626,5452,447100,46235
2018-05-04 14:15,1288,3972,447200,46190
2018-05-04 14:20,330,2368,447300,46190
2018-05-04 14:25,278,1676,447400,46190
2018-05-04 14:30,244,2714,447200,46230
2018-05-04 14:35,570,1828,447100,46205
2018-05-04 14:40,612,3534,446900,46245
2018-05-04 14:45,956,11040,446800,46240
2018-05-04 14:50,572,3410,447000,46240
2018-05-04 14:55,1132,5272,446700,46290
2018-05-04 14:59,1286,22506,446900,46415
2018-05-07 09:00,872,9542,455800,46465
2018-05-07 09:05,1238,17306,455400,46600
2018-05-07 09:10,584,13790,455600,46390
2018-05-07 09:15,508,10368,455600,46340
2018-05-07 09:20,786,17106,455600,46280
2018-05-07 09:25,716,3648,455400,46300
2018-05-07 09:30,444,4288,455800,46315
2018-05-07 09:35,392,3546,455800,46275
2018-05-07 09:40,192,4288,455900,46335
2018-05-07 09:45,878,5716,456200,46340
2018-05-07 09:50,1118,2150,456600,46370
2018-05-07 09:55,414,2850,456700,46355
2018-05-07 10:00,392,2674,456800,46375
2018-05-07 10:05,1188,4100,457300,46435
2018-05-07 10:10,2852,3116,458700,46440
2018-05-07 10:14,1186,1602,458600,46440
2018-05-07 10:30,552,938,459100,46435
2018-05-07 10:35,3870,3816,460200,46435
2018-05-07 10:40,1572,8144,459400,46340
2018-05-07 10:45,626,3210,459600,46385
2018-05-07 10:50,510,2644,459600,46415
2018-05-07 10:55,426,2418,459500,46410
2018-05-07 11:00,604,4526,459300,46400
2018-05-07 11:05,724,2754,459600,46375
2018-05-07 11:10,724,2660,459800,46365
2018-05-07 11:15,3122,1740,459700,46380
2018-05-07 11:20,1154,1058,460300,46370
2018-05-07 11:25,814,6564,460100,46295
2018-05-07 11:30,682,2974,460300,46360
2018-05-07 13:30,1048,1524,459600,46380
2018-05-07 13:35,702,6152,459700,46385
2018-05-07 13:40,290,1906,459800,46330
2018-05-07 13:45,482,2584,460200,46310
2018-05-07 13:50,548,6468,460100,46300
2018-05-07 13:55,550,3788,460100,46310
2018-05-07 14:00,2170,12782,460900,46275
2018-05-07 14:05,1020,2706,460700,46245
2018-05-07 14:10,766,2958,460900,46295
2018-05-07 14:15,354,2964,460900,46340
2018-05-07 14:20,582,4824,461100,46340
2018-05-07 14:25,932,6382,461000,46355
2018-05-07 14:30,634,3568,460800,46365
2018-05-07 14:35,214,7252,460800,46370
2018-05-07 14:40,1008,6228,460400,46370
2018-05-07 14:45,1214,2598,459800,46380
2018-05-07 14:50,948,2662,460000,46365
2018-05-07 14:55,980,3612,459900,46395
2018-05-07 14:59,2604,5632,458300,46385
2018-05-08 09:00,2228,3572,458900,46305
2018-05-08 09:05,2362,12024,458800,46310
2018-05-08 09:10,1482,8386,458700,46285
2018-05-08 09:15,850,4198,458600,46305
2018-05-08 09:20,378,10082,458800,46230
2018-05-08 09:25,638,4536,459100,46235
2018-05-08 09:30,702,13506,458800,46205
2018-05-08 09:35,300,3252,458800,46195
2018-05-08 09:40,378,1242,458600,46210
2018-05-08 09:45,638,1758,458500,46205
2018-05-08 09:50,418,1220,458600,46195
2018-05-08 09:55,256,9180,458700,46225
2018-05-08 10:00,396,2852,458600,46270
2018-05-08 10:05,170,2250,458600,46245
2018-05-08 10:10,310,4390,458800,46300
2018-05-08 10:14,158,1220,458800,46295
2018-05-08 10:30,88,1050,458900,46225
2018-05-08 10:35,584,11060,458900,46080
2018-05-08 10:40,510,15468,458500,46075
2018-05-08 10:45,408,5682,458600,46100
2018-05-08 10:50,636,5172,458400,46110
2018-05-08 10:55,1860,5822,458100,46025
2018-05-08 11:00,492,15642,458100,46000
2018-05-08 11:05,194,5114,458100,46025
2018-05-08 11:10,224,1960,458200,46030
2018-05-08 11:15,190,4164,458200,46045
2018-05-08 11:20,648,1540,458000,46050
2018-05-08 11:25,1428,1214,457400,46060
2018-05-08 11:30,1316,1470,457400,46070
2018-05-08 13:30,422,686,457300,46030
2018-05-08 13:35,1582,3862,457800,46070
2018-05-08 13:40,1218,5354,458000,46165
2018-05-08 13:45,1114,3392,458100,46150
2018-05-08 13:50,712,3946,458200,46170
2018-05-08 13:55,296,2164,458300,46135
2018-05-08 14:00,812,2072,458400,46145
2018-05-08 14:05,1418,2542,458900,46175
2018-05-08 14:10,664,1554,458900,46145
2018-05-08 14:15,980,1158,459100,46170
2018-05-08 14:20,704,7974,459000,46225
2018-05-08 14:25,548,2344,459100,46220
2018-05-08 14:30,1580,4510,459400,46285
2018-05-08 14:35,806,6060,459200,46280
2018-05-08 14:40,1062,2304,459000,46260
2018-05-08 14:45,450,2262,459400,46295
2018-05-08 14:50,478,3082,459100,46275
2018-05-08 14:55,1042,2972,459000,46235
2018-05-08 15:00,1434,3636,459100,46265
2018-05-09 09:00,3702,7498,461800,46215
2018-05-09 09:05,3484,12540,463100,46135
2018-05-09 09:10,2692,7164,463200,46235
2018-05-09 09:15,5260,32496,466100,46545
2018-05-09 09:20,2464,35326,465900,46640
2018-05-09 09:25,2312,15678,465100,46620
2018-05-09 09:30,1678,9946,466100,46545
2018-05-09 09:35,2754,7750,465900,46475
2018-05-09 09:40,1010,11580,465500,46425
2018-05-09 09:45,402,13418,465400,46275
2018-05-09 09:50,478,9956,465500,46305
2018-05-09 09:55,910,3572,465400,46325
2018-05-09 10:00,514,5288,465500,46305
2018-05-09 10:05,556,16124,465000,46195
2018-05-09 10:10,394,16166,465300,46150
2018-05-09 10:15,366,7084,465600,46155
2018-05-09 10:30,104,1770,465700,46190
2018-05-09 10:35,454,4612,465300,46215
2018-05-09 10:40,300,2344,465300,46210
2018-05-09 10:45,178,3246,465300,46215
2018-05-09 10:50,326,1300,465400,46215
2018-05-09 10:55,258,4090,465400,46285
2018-05-09 11:00,420,3066,465300,46245
2018-05-09 11:05,302,1350,465400,46220
2018-05-09 11:10,180,1668,465300,46210
2018-05-09 11:15,220,1762,465200,46245
2018-05-09 11:20,298,1794,465400,46220
2018-05-09 11:25,282,750,465500,46260
2018-05-09 11:29,1128,1112,465800,46245
2018-05-09 13:30,326,774,465600,46255
2018-05-09 13:35,912,4248,465200,46165
2018-05-09 13:40,444,5552,465100,46130
2018-05-09 13:45,2716,4908,464200,46095
2018-05-09 13:50,982,5788,464600,46140
2018-05-09 13:55,1104,1746,464600,46115
2018-05-09 14:00,582,2962,465000,46135
2018-05-09 14:05,340,10354,464900,46055
2018-05-09 14:10,374,6214,464700,46045
2018-05-09 14:15,470,4374,464800,46065
2018-05-09 14:20,410,6788,464900,46060
2018-05-09 14:25,736,3450,464300,46080
2018-05-09 14:30,2732,4710,465400,46125
2018-05-09 14:35,834,2092,464900,46115
2018-05-09 14:40,524,1382,464900,46095
2018-05-09 14:45,638,2020,465100,46135
2018-05-09 14:50,820,5304,465200,46140
2018-05-09 14:55,732,4678,465200,46105
2018-05-09 14:59,2502,5656,465200,46110
2018-05-10 09:00,2496,11176,472500,46320
2018-05-10 09:05,5416,14760,474700,46350
2018-05-10 09:10,3518,7332,474700,46330
2018-05-10 09:15,2056,7730,474200,46295
2018-05-10 09:20,1222,3538,474400,46350
2018-05-10 09:25,346,14532,474200,46360
2018-05-10 09:30,698,12580,474400,46300
2018-05-10 09:35,444,5274,474500,46270
2018-05-10 09:40,1058,2174,474900,46290
2018-05-10 09:45,1276,8278,474600,46165
2018-05-10 09:50,1094,10588,474300,46170
2018-05-10 09:55,488,3320,474400,46185
2018-05-10 10:00,1314,3808,474200,46240
2018-05-10 10:05,404,1592,474400,46225
2018-05-10 10:10,326,1136,474600,46230
2018-05-10 10:14,172,3514,474600,46270
2018-05-10 10:30,138,3336,474500,46315
2018-05-10 10:35,226,8952,474500,46335
2018-05-10 10:40,190,4126,474500,46340
2018-05-10 10:45,356,2396,474800,46335
2018-05-10 10:50,384,2610,474700,46340
2018-05-10 10:55,74,1540,474600,46335
2018-05-10 11:00,206,1490,474600,46360
2018-05-10 11:05,186,8556,474700,46435
2018-05-10 11:10,1434,6616,475500,46375
2018-05-10 11:15,1728,7746,474800,46250
2018-05-10 11:20,266,4412,474900,46285
2018-05-10 11:25,584,2770,475200,46300
2018-05-10 11:30,1134,1692,474700,46300
2018-05-10 13:30,246,636,474600,46285
2018-05-10 13:35,882,1482,474400,46295
2018-05-10 13:40,2884,826,473400,46270
2018-05-10 13:45,1124,8980,473900,46140
2018-05-10 13:50,830,15238,474200,46130
2018-05-10 13:55,840,7130,474000,46120
2018-05-10 14:00,492,9974,473800,46220
2018-05-10 14:05,388,3242,473800,46195
2018-05-10 14:10,624,2336,474200,46170
2018-05-10 14:15,478,4060,474200,46215
2018-05-10 14:20,1144,5700,474600,46245
2018-05-10 14:25,1536,1714,474800,46225
2018-05-10 14:30,564,2060,474800,46240
2018-05-10 14:35,1266,4856,475400,46280
2018-05-10 14:40,7160,5520,476000,46290
2018-05-10 14:45,988,1708,475800,46270
2018-05-10 14:50,1988,1614,476700,46290
2018-05-10 14:55,2586,6824,476900,46325
2018-05-10 14:59,3150,11788,476400,46380
2018-05-11 09:00,1016,4780,471900,46345
2018-05-11 09:05,1450,10384,471600,46240
2018-05-11 09:10,1556,6122,471400,46250
2018-05-11 09:15,1396,25258,471100,46505
2018-05-11 09:20,842,17204,471600,46485
2018-05-11 09:25,976,5404,471700,46450
2018-05-11 09:30,520,4260,471800,46445
2018-05-11 09:35,458,6312,471600,46420
2018-05-11 09:40,270,8330,471800,46345
2018-05-11 09:45,1422,3042,472200,46350
2018-05-11 09:50,1110,2326,472500,46315
2018-05-11 09:55,248,2582,472500,46310
2018-05-11 10:00,472,11624,472200,46250
2018-05-11 10:05,774,4660,472300,46270
2018-05-11 10:10,358,2528,472700,46235
2018-05-11 10:14,316,7944,472500,46215
2018-05-11 10:30,94,2046,472500,46225
2018-05-11 10:35,544,3952,472400,46185
2018-05-11 10:40,496,5056,472200,46205
2018-05-11 10:45,332,5226,472300,46175
2018-05-11 10:50,484,15706,472100,46115
2018-05-11 10:55,888,5632,472100,46135
2018-05-11 11:00,190,6114,472200,46190
2018-05-11 11:05,1462,6890,471500,46205
2018-05-11 11:10,612,1768,471400,46215
2018-05-11 11:15,284,2190,471500,46210
2018-05-11 11:20,1962,3584,470800,46165
2018-05-11 11:25,1158,3564,470900,46175
2018-05-11 11:29,810,4118,471300,46210
2018-05-11 13:30,552,3714,471700,46285
2018-05-11 13:35,664,10940,471700,46320
2018-05-11 13:40,406,5646,471800,46230
2018-05-11 13:45,754,9162,471400,46180
2018-05-11 13:50,666,3772,471300,46200
2018-05-11 13:55,336,3404,471200,46190
2018-05-11 14:00,288,2552,471400,46205
2018-05-11 14:05,556,3284,471500,46235
2018-05-11 14:10,782,3932,471500,46225
2018-05-11 14:15,386,2100,471400,46240
2018-05-11 14:20,458,1818,471400,46210
2018-05-11 14:25,320,3128,471600,46260
2018-05-11 14:30,248,2004,471400,46240
2018-05-11 14:35,644,4230,471700,46295
2018-05-11 14:40,1272,5778,471900,46325
2018-05-11 14:45,608,14134,471800,46350
2018-05-11 14:50,790,6838,471300,46390
2018-05-11 14:55,1314,6608,471400,46340
2018-05-11 15:00,1656,6776,471200,46315
2018-05-14 09:00,1902,6588,468600,46390
2018-05-14 09:05,4454,23722,467700,46460
2018-05-14 09:10,4730,8714,466800,46420
2018-05-14 09:15,1734,5492,466500,46485
2018-05-14 09:20,3326,13416,465600,46525
2018-05-14 09:25,1964,17912,465400,46645
2018-05-14 09:30,4928,44354,462900,46705
2018-05-14 09:35,2890,9228,463300,46725
2018-05-14 09:40,1812,7072,464400,46700
2018-05-14 09:45,1308,4770,464200,46725
2018-05-14 09:50,1116,11742,465200,46620
2018-05-14 09:55,1236,11256,465300,46585
2018-05-14 10:00,1452,5996,465700,46640
2018-05-14 10:05,1012,2470,465900,46640
2018-05-14 10:10,1104,2890,465500,46605
2018-05-14 10:15,874,2162,465500,46585
2018-05-14 10:30,540,1428,465700,46605
2018-05-14 10:35,1174,3330,466300,46655
2018-05-14 10:40,1456,2084,466100,46660
2018-05-14 10:45,972,4246,465900,46675
2018-05-14 10:50,662,3342,465700,46655
2018-05-14 10:55,386,1934,466000,46650
2018-05-14 11:00,592,3736,466100,46640
2018-05-14 11:05,718,4018,466200,46595
2018-05-14 11:10,504,2098,466000,46605
2018-05-14 11:15,122,2804,466000,46615
2018-05-14 11:20,538,2228,466200,46620
2018-05-14 11:25,262,1758,466100,46645
2018-05-14 11:29,364,3638,466000,46615
2018-05-14 13:30,198,1192,466100,46650
2018-05-14 13:35,1686,6078,465200,46575
2018-05-14 13:40,902,16818,465500,46470
2018-05-14 13:45,564,16738,465900,46430
2018-05-14 13:50,472,15232,465500,46355
2018-05-14 13:55,340,7536,465500,46320
2018-05-14 14:00,574,39386,465500,46125
2018-05-14 14:05,428,19436,465500,46095
2018-05-14 14:10,280,20312,465500,46110
2018-05-14 14:15,150,10172,465700,46150
2018-05-14 14:20,772,4452,465800,46115
2018-05-14 14:25,528,6856,465800,46070
2018-05-14 14:30,250,25354,465600,45900
2018-05-14 14:35,682,16856,465500,45940
2018-05-14 14:40,424,8516,465500,45965
2018-05-14 14:45,582,4088,465900,45975
2018-05-14 14:50,838,6216,465500,45985
2018-05-14 14:55,1620,5808,465400,46010
2018-05-14 15:00,2428,8426,465600,45940
2018-05-15 09:00,1332,6718,472500,46080
2018-05-15 09:05,1760,14162,472300,46085
2018-05-15 09:10,3068,14100,473300,46065
2018-05-15 09:15,1978,5612,472900,46125
2018-05-15 09:20,688,4118,473000,46120
2018-05-15 09:25,406,2692,473100,46095
2018-05-15 09:30,1144,12424,472800,46050
2018-05-15 09:35,894,15948,472800,45915
2018-05-15 09:40,572,16432,472700,45960
2018-05-15 09:45,706,18916,473000,46125
2018-05-15 09:50,496,14874,473000,46115
2018-05-15 09:55,380,4360,472700,46015
2018-05-15 10:00,502,6462,472500,45980
2018-05-15 10:05,448,2226,472400,45970
2018-05-15 10:10,1124,3840,471800,45980
2018-05-15 10:14,2050,3494,471400,46015
2018-05-15 10:30,406,440,471500,46030
2018-05-15 10:35,1608,2384,471800,46065
2018-05-15 10:40,1162,4212,472000,46030
2018-05-15 10:45,814,3440,472200,46110
2018-05-15 10:50,426,2960,472000,46120
2018-05-15 10:55,762,2162,472200,46085
2018-05-15 11:00,482,3510,471900,46040
2018-05-15 11:05,268,2750,472000,46035
2018-05-15 11:10,520,2402,472200,45980
2018-05-15 11:15,124,2644,472300,46055
2018-05-15 11:20,414,996,472000,46035
2018-05-15 11:25,262,1684,472200,46065
2018-05-15 11:30,436,2514,472200,46075
2018-05-15 13:30,236,836,472000,46085
2018-05-15 13:35,486,2654,472300,46120
2018-05-15 13:40,732,2464,471700,46095
2018-05-15 13:45,1364,2074,472100,46105
2018-05-15 13:50,704,2852,472300,46135
2018-05-15 13:55,320,10418,472200,46045
2018-05-15 14:00,648,3606,472000,46010
2018-05-15 14:05,712,1540,472100,46045
2018-05-15 14:10,1852,2346,471700,46060
2018-05-15 14:15,766,1302,472100,46060
2018-05-15 14:20,356,1690,471900,46100
2018-05-15 14:25,706,1462,472100,46075
2018-05-15 14:30,388,1400,472100,46050
2018-05-15 14:35,416,1930,472000,46060
2018-05-15 14:40,1616,2656,472400,46105
2018-05-15 14:45,1510,2782,472400,46105
2018-05-15 14:50,930,1934,472700,46085
2018-05-15 14:55,2524,2604,473300,46115
2018-05-15 15:00,3964,4856,472800,46100
2018-05-16 09:00,1794,11196,474300,46285
2018-05-16 09:05,2764,27578,473900,46465
2018-05-16 09:10,2054,21264,474300,46490
2018-05-16 09:15,780,25930,474100,46590
2018-05-16 09:20,878,31530,473900,46625
2018-05-16 09:25,648,13648,473900,46555
2018-05-16 09:30,544,12064,474000,46545
2018-05-16 09:35,1194,9950,473800,46595
2018-05-16 09:40,206,12448,473800,46485
2018-05-16 09:45,318,7578,473900,46490
2018-05-16 09:50,500,5510,474200,46480
2018-05-16 09:55,704,14828,474300,46370
2018-05-16 10:00,484,10200,474500,46370
2018-05-16 10:05,1804,3880,474900,46385
2018-05-16 10:10,952,6302,474900,46345
2018-05-16 10:15,610,6872,474900,46270
2018-05-16 10:30,150,4682,475200,46280
2018-05-16 10:35,506,7470,475000,46260
2018-05-16 10:40,332,8364,475000,46205
2018-05-16 10:45,402,6348,474900,46240
2018-05-16 10:50,914,5008,475500,46215
2018-05-16 10:55,1358,4738,475400,46195
2018-05-16 11:00,330,7260,475400,46170
2018-05-16 11:05,474,6208,475400,46180
2018-05-16 11:10,542,4696,475100,46235
2018-05-16 11:15,1640,1538,475000,46215
2018-05-16 11:20,356,4610,474900,46290
2018-05-16 11:25,442,3926,475300,46330
2018-05-16 11:29,438,3446,475100,46320
2018-05-16 13:30,386,3080,475200,46380
2018-05-16 13:35,666,4558,475300,46360
2018-05-16 13:40,896,2784,475300,46345
2018-05-16 13:45,572,7674,474800,46450
2018-05-16 13:50,894,6638,474800,46400
2018-05-16 13:55,684,11456,475000,46525
2018-05-16 14:00,1228,12658,475400,46550
2018-05-16 14:05,592,12806,475000,46365
2018-05-16 14:10,666,6182,474900,46375
2018-05-16 14:15,348,7542,475000,46320
2018-05-16 14:20,1116,5326,474500,46265
2018-05-16 14:25,1058,7694,474600,46345
2018-05-16 14:30,730,1584,474100,46345
2018-05-16 14:35,1278,6064,474000,46390
2018-05-16 14:40,2782,2112,473400,46375
2018-05-16 14:45,1326,2592,473100,46390
2018-05-16 14:50,2468,2400,472700,46350
2018-05-16 14:55,1188,3242,472800,46345
2018-05-16 14:59,1812,5172,473100,46370
2018-05-17 09:00,2064,7112,481400,46500
2018-05-17 09:05,2088,9482,480500,46420
2018-05-17 09:10,2334,12120,479900,46330
2018-05-17 09:15,1134,6508,480400,46370
2018-05-17 09:20,670,6664,480300,46420
2018-05-17 09:25,722,2392,480000,46395
2018-05-17 09:30,282,11294,479900,46345
2018-05-17 09:35,298,3154,479800,46360
2018-05-17 09:40,580,1328,480200,46355
2018-05-17 09:45,566,2428,480300,46420
2018-05-17 09:50,330,13696,480400,46500
2018-05-17 09:55,948,5242,480900,46435
2018-05-17 10:00,574,6576,480800,46345
2018-05-17 10:05,952,6868,481300,46285
2018-05-17 10:10,844,5976,480800,46320
2018-05-17 10:14,518,1660,481000,46305
2018-05-17 10:30,186,754,481100,46335
2018-05-17 10:35,938,5390,481100,46340
2018-05-17 10:40,332,3786,481200,46345
2018-05-17 10:45,808,2358,481000,46305
2018-05-17 10:50,288,11668,480900,46445
2018-05-17 10:55,448,6582,481000,46435
2018-05-17 11:00,2210,7424,481500,46425
2018-05-17 11:05,1970,6132,481900,46450
2018-05-17 11:10,2442,16154,482600,46520
2018-05-17 11:15,3610,12578,483000,46495
2018-05-17 11:20,1572,7210,483700,46440
2018-05-17 11:25,2492,6940,484000,46455
2018-05-17 11:30,2518,8392,484300,46475
2018-05-17 13:30,1244,2498,483200,46440
2018-05-17 13:35,2034,9346,483300,46405
2018-05-17 13:40,498,4690,483400,46440
2018-05-17 13:45,1106,3376,483900,46455
2018-05-17 13:50,1380,3476,484400,46440
2018-05-17 13:55,3760,3936,484600,46400
2018-05-17 14:00,1462,18858,484200,46305
2018-05-17 14:05,1732,6910,484100,46295
2018-05-17 14:10,1598,6588,484000,46285
2018-05-17 14:15,1652,38176,483500,46115
2018-05-17 14:20,1268,8324,483400,46100
2018-05-17 14:25,714,10350,483600,46190
2018-05-17 14:30,396,4048,483500,46140
2018-05-17 14:35,3092,4714,482800,46170
2018-05-17 14:40,710,2100,482700,46155
2018-05-17 14:45,3250,3310,481900,46180
2018-05-17 14:50,1530,3074,481800,46170
2018-05-17 14:55,1062,3456,481900,46185
2018-05-17 14:59,2236,4772,481900,46175
2018-05-18 09:00,1198,6650,483800,46220
2018-05-18 09:05,1974,11764,484400,46190
2018-05-18 09:10,1034,9510,484500,46250
2018-05-18 09:15,410,4858,484400,46300
2018-05-18 09:20,970,5762,483700,46170
2018-05-18 09:25,556,3454,484200,46180
2018-05-18 09:30,1050,5586,483900,46195
2018-05-18 09:35,546,4406,484000,46260
2018-05-18 09:40,208,12234,484100,46360
2018-05-18 09:45,504,6558,484300,46300
2018-05-18 09:50,250,10596,484300,46165
2018-05-18 09:55,224,6306,484200,46135
2018-05-18 10:00,1682,6970,485000,46155
2018-05-18 10:05,1600,3340,485400,46215
2018-05-18 10:10,566,2466,485400,46170
2018-05-18 10:14,766,1088,485700,46200
2018-05-18 10:30,206,978,485700,46215
2018-05-18 10:35,790,2230,485100,46185
2018-05-18 10:40,484,3192,485700,46170
2018-05-18 10:45,354,5052,485600,46120
2018-05-18 10:50,334,7914,485500,46115
2018-05-18 10:55,800,24014,485400,45930
2018-05-18 11:00,772,45542,484900,45735
2018-05-18 11:05,1016,12828,484700,45800
2018-05-18 11:10,432,7718,485100,45860
2018-05-18 11:15,348,7402,484800,45845
2018-05-18 11:20,326,4732,484600,45890
2018-05-18 11:25,1006,7234,483800,45905
2018-05-18 11:29,512,3848,484500,45925
2018-05-18 13:30,162,2760,484700,45945
2018-05-18 13:35,898,4374,485200,45940
2018-05-18 13:40,876,2944,484400,45965
2018-05-18 13:45,342,7920,484600,45990
2018-05-18 13:50,346,2794,484600,46000
2018-05-18 13:55,728,1616,484800,45975
2018-05-18 14:00,684,2100,485300,45965
2018-05-18 14:05,472,3032,485000,46020
2018-05-18 14:10,1054,4614,485400,46085
2018-05-18 14:15,524,9256,485100,46100
2018-05-18 14:20,502,6594,485000,46130
2018-05-18 14:25,432,1988,485200,46110
2018-05-18 14:30,326,3342,485000,46105
2018-05-18 14:35,198,2530,485200,46105
2018-05-18 14:40,508,3092,485300,46065
2018-05-18 14:45,838,2988,485500,46100
2018-05-18 14:50,1124,3662,485400,46100
2018-05-18 14:55,1238,4344,485600,46085
2018-05-18 15:00,2298,6186,486500,46165
2018-05-21 09:00,1696,6722,483200,46190
2018-05-21 09:05,2194,20232,482900,46255
2018-05-21 09:10,2058,15596,483800,46155
2018-05-21 09:15,2200,8700,483900,46145
2018-05-21 09:20,1062,10220,484100,46260
2018-05-21 09:25,496,5680,483900,46195
2018-05-21 09:30,778,4206,484000,46150
2018-05-21 09:35,838,5022,483400,46240
2018-05-21 09:40,572,4520,483700,46220
2018-05-21 09:45,228,51178,483600,46480
2018-05-21 09:50,1528,13698,482800,46475
2018-05-21 09:55,836,11656,483200,46515
2018-05-21 10:00,2018,14758,484000,46505
2018-05-21 10:05,562,7056,483800,46515
2018-05-21 10:10,378,26040,483600,46690
2018-05-21 10:15,196,62732,483700,46980
2018-05-21 10:30,170,10746,483600,46905
2018-05-21 10:35,222,17424,483600,46850
2018-05-21 10:40,188,18204,483400,46790
2018-05-21 10:45,378,7258,483300,46825
2018-05-21 10:50,470,5872,483600,46865
2018-05-21 10:55,390,5890,483500,46855
2018-05-21 11:00,108,6600,483600,46905
2018-05-21 11:05,396,6958,483600,46930
2018-05-21 11:10,406,4786,483600,46890
2018-05-21 11:15,206,3024,483600,46880
2018-05-21 11:20,234,4578,483500,46850
2018-05-21 11:25,228,2474,483500,46875
2018-05-21 11:30,316,14156,483500,46700
2018-05-21 13:30,126,2408,483500,46715
2018-05-21 13:35,162,5952,483400,46735
2018-05-21 13:40,194,5582,483700,46725
2018-05-21 13:45,398,4740,483700,46695
2018-05-21 13:50,556,2442,483700,46725
2018-05-21 13:55,772,3194,484000,46735
2018-05-21 14:00,576,4520,484300,46795
2018-05-21 14:05,748,4112,484200,46815
2018-05-21 14:10,418,4092,484000,46695
2018-05-21 14:15,204,2690,483900,46700
2018-05-21 14:20,448,2928,483900,46675
2018-05-21 14:25,322,22178,483800,46525
2018-05-21 14:30,476,6330,483600,46560
2018-05-21 14:35,1816,4064,483300,46560
2018-05-21 14:40,678,2776,483600,46590
2018-05-21 14:45,380,4090,483400,46570
2018-05-21 14:50,1840,4752,482800,46515
2018-05-21 14:55,1208,7274,482800,46545
2018-05-21 15:00,1580,6194,482400,46540
2018-05-22 09:00,1398,7866,485500,46710
2018-05-22 09:05,2508,10150,485700,46735
2018-05-22 09:10,622,8272,485700,46730
2018-05-22 09:15,778,8874,485700,46635
2018-05-22 09:20,402,5800,485700,46640
2018-05-22 09:25,552,12244,485800,46480
2018-05-22 09:30,574,10168,485700,46475
2018-05-22 09:35,448,12780,485700,46395
2018-05-22 09:40,224,4500,485600,46510
2018-05-22 09:45,306,3656,485800,46455
2018-05-22 09:50,258,2648,485800,46500
2018-05-22 09:55,222,3560,485700,46450
2018-05-22 10:00,382,3598,485900,46450
2018-05-22 10:05,194,7332,485800,46590
2018-05-22 10:10,306,4580,485700,46565
2018-05-22 10:14,152,1844,485600,46570
2018-05-22 10:30,80,1524,485800,46490
2018-05-22 10:35,312,5990,485600,46460
2018-05-22 10:40,220,2498,485700,46490
2018-05-22 10:45,216,2780,485800,46495
2018-05-22 10:50,114,786,485800,46515
2018-05-22 10:55,1410,1538,485300,46535
2018-05-22 11:00,698,2604,485500,46560
2018-05-22 11:05,178,2364,485300,46475
2018-05-22 11:10,262,1754,485400,46535
2018-05-22 11:15,364,1986,485600,46565
2018-05-22 11:20,514,2236,485300,46520
2018-05-22 11:25,170,2622,485400,46515
2018-05-22 11:30,258,2300,485500,46450
2018-05-22 13:30,354,3154,485700,46430
2018-05-22 13:35,290,3114,485500,46440
2018-05-22 13:40,176,7488,485600,46440
2018-05-22 13:45,220,2988,485800,46445
2018-05-22 13:50,512,2244,485800,46440
2018-05-22 13:55,216,10056,485700,46395
2018-05-22 14:00,190,3188,485500,46445
2018-05-22 14:05,408,2364,485800,46420
2018-05-22 14:10,2764,5488,485900,46510
2018-05-22 14:15,550,2576,485900,46485
2018-05-22 14:20,304,4122,485900,46450
2018-05-22 14:25,312,1780,485800,46465
2018-05-22 14:30,1220,4494,485300,46485
2018-05-22 14:35,2406,1216,485100,46485
2018-05-22 14:40,1076,1242,485500,46480
2018-05-22 14:45,576,3168,485300,46550
2018-05-22 14:50,618,3582,485300,46515
2018-05-22 14:55,1310,6104,485300,46510
2018-05-22 15:00,1468,5898,485100,46540
2018-05-23 09:00,1726,5978,486700,46430
2018-05-23 09:05,2414,8996,487100,46405
2018-05-23 09:10,1254,30090,486700,46290
2018-05-23 09:15,918,8524,486600,46250
2018-05-23 09:20,1120,11216,486400,46230
2018-05-23 09:25,986,10008,487000,46175
2018-05-23 09:30,980,6398,486800,46160
2018-05-23 09:35,668,4764,486600,46195
2018-05-23 09:40,386,3126,486500,46185
2018-05-23 09:45,3110,7648,485500,46130
2018-05-23 09:50,2920,3770,484800,46100
2018-05-23 09:55,2452,4874,485100,46215
2018-05-23 10:00,1154,7762,485300,46210
2018-05-23 10:05,678,3274,485300,46215
2018-05-23 10:10,620,4634,485200,46300
2018-05-23 10:14,290,3026,485000,46300
2018-05-23 10:30,676,728,484600,46275
2018-05-23 10:35,1372,2484,484400,46255
2018-05-23 10:40,2442,1936,483700,46220
2018-05-23 10:45,3324,2998,483600,46175
2018-05-23 10:50,1764,5530,483200,46160
2018-05-23 10:55,1340,2740,483400,46165
2018-05-23 11:00,334,2130,483300,46175
2018-05-23 11:05,656,1366,483400,46190
2018-05-23 11:10,336,1228,483400,46155
2018-05-23 11:15,574,3448,483600,46145
2018-05-23 11:20,1072,3208,483900,46165
2018-05-23 11:25,1616,5204,484000,46105
2018-05-23 11:30,876,11448,484300,46060
2018-05-23 13:30,134,1962,484300,46085
2018-05-23 13:35,618,15074,484300,46010
2018-05-23 13:40,852,12612,483800,46115
2018-05-23 13:45,500,8894,484000,46140
2018-05-23 13:50,628,2492,484600,46145
2018-05-23 13:55,448,1420,484400,46135
2018-05-23 14:00,302,1738,484300,46105
2018-05-23 14:05,1702,2478,485300,46115
2018-05-23 14:10,2622,3448,485000,46160
2018-05-23 14:15,624,1596,485300,46120
2018-05-23 14:20,654,1816,485200,46140
2018-05-23 14:25,846,2158,485100,46105
2018-05-23 14:30,612,3340,485400,46055
2018-05-23 14:35,406,2508,485500,46090
2018-05-23 14:40,712,1308,485800,46100
2018-05-23 14:45,1732,1844,484600,46095
2018-05-23 14:50,820,2466,484600,46115
2018-05-23 14:55,1416,5466,484400,46130
2018-05-23 15:00,1742,4882,484600,46135
2018-05-24 09:00,1424,5482,485100,46060
2018-05-24 09:05,1274,8590,485400,46050
2018-05-24 09:10,922,10668,485300,45980
2018-05-24 09:15,774,23428,485500,45915
2018-05-24 09:20,478,7156,485800,45970
2018-05-24 09:25,444,6178,485900,45950
2018-05-24 09:30,468,8322,485800,45890
2018-05-24 09:35,776,4390,485300,45920
2018-05-24 09:40,364,2768,485400,45970
2018-05-24 09:45,374,4270,485200,45895
2018-05-24 09:50,742,1710,485500,45910
2018-05-24 09:55,408,3530,485700,45960
2018-05-24 10:00,442,3514,485400,45915
2018-05-24 10:05,194,4722,485300,45925
2018-05-24 10:10,250,2950,485500,45955
2018-05-24 10:15,188,1696,485400,45975
2018-05-24 10:30,142,2302,485700,46015
2018-05-24 10:35,570,12222,486000,46155
2018-05-24 10:40,670,6276,485800,46080
2018-05-24 10:45,154,2380,485800,46095
2018-05-24 10:50,236,3088,485900,46065
2018-05-24 10:55,138,2274,485800,46060
2018-05-24 11:00,84,1718,485800,46045
2018-05-24 11:05,158,1946,485600,46025
2018-05-24 11:10,170,3774,485900,45945
2018-05-24 11:15,150,3218,485800,45940
2018-05-24 11:20,126,4774,485700,45950
2018-05-24 11:25,166,1890,485700,45920
2018-05-24 11:29,232,2194,485500,45920
2018-05-24 13:30,1312,856,484500,45940
2018-05-24 13:35,2280,3820,484800,45985
2018-05-24 13:40,918,1834,484500,45980
2018-05-24 13:45,1090,4008,484300,45960
2018-05-24 13:50,532,4812,484800,46000
2018-05-24 13:55,942,2300,484600,46010
2018-05-24 14:00,1942,5462,484900,46045
2018-05-24 14:05,654,2156,484700,46025
2018-05-24 14:10,734,2464,485000,46005
2018-05-24 14:15,788,2464,484900,46065
2018-05-24 14:20,916,1626,484900,46010
2018-05-24 14:25,242,2876,485200,46005
2018-05-24 14:30,250,2940,485200,46030
2018-05-24 14:35,638,1236,485000,46025
2018-05-24 14:40,386,1412,485100,46030
2018-05-24 14:45,474,2124,485200,46030
2018-05-24 14:50,1796,2766,485500,46045
2018-05-24 14:55,1486,2872,485100,46040
2018-05-24 15:00,1070,7056,485000,45980
2018-05-25 09:00,916,12216,479900,46225
2018-05-25 09:05,1976,16472,479700,46125
2018-05-25 09:10,820,22618,480100,45915
2018-05-25 09:15,1162,11674,480600,45915
2018-05-25 09:20,478,3828,480700,45955
2018-05-25 09:25,1162,4362,481000,45905
2018-05-25 09:30,496,32342,480800,45900
2018-05-25 09:35,404,6032,481000,45915
2018-05-25 09:40,498,3686,480600,45880
2018-05-25 09:45,206,1608,480600,45895
2018-05-25 09:50,370,8604,480900,46020
2018-05-25 09:55,274,10206,480900,46055
2018-05-25 10:00,146,3210,480700,46000
2018-05-25 10:05,828,2872,480500,46030
2018-05-25 10:10,414,8632,480600,46075
2018-05-25 10:15,248,11914,480500,46185
2018-05-25 10:30,62,4812,480500,46145
2018-05-25 10:35,310,5154,480500,46130
2018-05-25 10:40,148,6074,480500,46135
2018-05-25 10:45,258,3932,480700,46100
2018-05-25 10:50,124,2604,480700,46070
2018-05-25 10:55,110,2736,480500,46095
2018-05-25 11:00,312,2776,480400,46085
2018-05-25 11:05,1254,1364,479900,46085
2018-05-25 11:10,1420,14678,479500,45910
2018-05-25 11:15,520,7024,479800,45945
2018-05-25 11:20,428,6028,479700,45895
2018-05-25 11:25,436,3126,479900,45970
2018-05-25 11:30,352,1700,479900,45950
2018-05-25 13:30,708,1406,479000,45930
2018-05-25 13:35,1794,3836,478900,45970
2018-05-25 13:40,900,1414,479100,45975
2018-05-25 13:45,388,2294,479400,45935
2018-05-25 13:50,186,2614,479300,45970
2018-05-25 13:55,198,1648,479200,45970
2018-05-25 14:00,2730,2004,478300,45920
2018-05-25 14:05,2020,15758,478700,45800
2018-05-25 14:10,988,33758,478500,45740
2018-05-25 14:15,706,49478,478700,45600
2018-05-25 14:20,912,11884,478800,45685
2018-05-25 14:25,826,5846,478300,45695
2018-05-25 14:30,704,7522,478400,45670
2018-05-25 14:35,390,4120,478500,45690
2018-05-25 14:40,534,4304,478600,45700
2018-05-25 14:45,874,5702,478500,45725
2018-05-25 14:50,3138,4686,477600,45690
2018-05-25 14:55,4326,6328,477200,45670
2018-05-25 15:00,2424,10038,477400,45605
2018-05-28 09:00,3492,18610,461100,45330
2018-05-28 09:05,6400,19818,459200,45455
2018-05-28 09:10,5530,15890,458500,45550
2018-05-28 09:15,5404,14768,458900,45480
2018-05-28 09:20,3258,9484,459000,45420
2018-05-28 09:25,3244,6060,458900,45420
2018-05-28 09:30,1094,8576,459200,45395
2018-05-28 09:35,1906,9010,458500,45370
2018-05-28 09:40,1682,6054,458400,45350
2018-05-28 09:45,3430,4764,457000,45335
2018-05-28 09:50,3066,8626,457200,45410
2018-05-28 09:55,1930,5010,457400,45405
2018-05-28 10:00,1784,37860,457300,45210
2018-05-28 10:05,2052,14850,456700,45250
2018-05-28 10:10,1418,9746,457500,45325
2018-05-28 10:15,464,2614,457200,45340
2018-05-28 10:30,840,618,457500,45355
2018-05-28 10:35,902,3222,457600,45290
2018-05-28 10:40,572,2266,457900,45280
2018-05-28 10:45,716,2482,457800,45270
2018-05-28 10:50,516,2714,458000,45300
2018-05-28 10:55,578,1502,457600,45295
2018-05-28 11:00,288,2882,457400,45320
2018-05-28 11:05,366,2396,457400,45320
2018-05-28 11:10,156,1024,457400,45320
2018-05-28 11:15,108,2360,457600,45335
2018-05-28 11:20,166,5260,457600,45315
2018-05-28 11:25,474,2998,457900,45285
2018-05-28 11:30,428,3186,457700,45275
2018-05-28 13:30,210,1014,458000,45290
2018-05-28 13:35,638,4224,458500,45370
2018-05-28 13:40,2258,8830,459200,45415
2018-05-28 13:45,1390,3368,458600,45355
2018-05-28 13:50,428,3688,458900,45365
2018-05-28 13:55,398,2266,458800,45365
2018-05-28 14:00,1032,3140,458100,45350
2018-05-28 14:05,384,3328,458400,45395
2018-05-28 14:10,572,2102,458500,45390
2018-05-28 14:15,1514,1754,458600,45400
2018-05-28 14:20,1598,2728,458800,45340
2018-05-28 14:25,2410,5872,458900,45320
2018-05-28 14:30,2286,3514,460200,45315
2018-05-28 14:35,3200,3162,460500,45320
2018-05-28 14:40,1802,2154,461600,45340
2018-05-28 14:45,5260,2012,462400,45350
2018-05-28 14:50,2318,2540,462200,45340
2018-05-28 14:55,2418,4394,462300,45385
2018-05-28 15:00,1864,7876,462800,45330
2018-05-29 09:00,2104,7366,463400,45435
2018-05-29 09:05,1968,9972,462900,45380
2018-05-29 09:10,1606,4460,462600,45415
2018-05-29 09:15,900,6178,462700,45430
2018-05-29 09:20,708,6816,463200,45465
2018-05-29 09:25,748,7842,462800,45430
2018-05-29 09:30,540,2616,462600,45485
2018-05-29 09:35,652,15434,462800,45550
2018-05-29 09:40,1122,10572,463100,45605
2018-05-29 09:45,888,3952,463300,45590
2018-05-29 09:50,1014,5876,463800,45605
2018-05-29 09:55,4600,9004,464900,45665
2018-05-29 10:00,1744,4044,464500,45615
2018-05-29 10:05,1046,2666,464600,45620
2018-05-29 10:10,560,11750,464700,45630
2018-05-29 10:14,582,1936,464900,45690
2018-05-29 10:30,364,2004,465000,45740
2018-05-29 10:35,2084,7646,465700,45695
2018-05-29 10:40,698,4180,465400,45690
2018-05-29 10:45,1008,2374,465500,45660
2018-05-29 10:50,1864,6118,464700,45640
2018-05-29 10:55,700,3662,464700,45665
2018-05-29 11:00,694,2500,464900,45655
2018-05-29 11:05,536,2276,465100,45700
2018-05-29 11:10,436,3620,465200,45730
2018-05-29 11:15,612,2728,464600,45715
2018-05-29 11:20,390,1506,464800,45680
2018-05-29 11:25,610,4766,464600,45710
2018-05-29 11:29,922,2048,465400,45710
2018-05-29 13:30,494,1258,465200,45750
2018-05-29 13:35,1482,6418,464500,45730
2018-05-29 13:40,1208,4146,464900,45745
2018-05-29 13:45,488,2910,464700,45740
2018-05-29 13:50,532,25834,465000,45950
2018-05-29 13:55,326,24494,464700,46000
2018-05-29 14:00,1138,23748,465400,45995
2018-05-29 14:05,1310,9398,465200,45965
2018-05-29 14:10,1570,6578,465600,46005
2018-05-29 14:15,1944,2916,465400,45990
2018-05-29 14:20,1240,4714,465100,45970
2018-05-29 14:25,710,6478,465000,45955
2018-05-29 14:30,1150,3962,464600,45945
2018-05-29 14:35,1002,4520,464900,45925
2018-05-29 14:40,634,3188,464800,45940
2018-05-29 14:45,3442,2760,464500,45925
2018-05-29 14:50,1224,3566,464400,45890
2018-05-29 14:55,1576,5990,463300,45910
2018-05-29 14:59,1504,4858,463800,45920
2018-05-30 09:00,752,6674,463700,45825
2018-05-30 09:05,1536,18208,462900,45765
2018-05-30 09:10,862,6704,463100,45740
2018-05-30 09:15,1340,6514,462500,45765
2018-05-30 09:20,1880,3318,462300,45790
2018-05-30 09:25,4932,3206,459600,45765
2018-05-30 09:30,4678,3802,459300,45750
2018-05-30 09:35,1200,3646,459600,45730
2018-05-30 09:40,1496,4882,459900,45780
2018-05-30 09:45,2228,3130,459900,45735
2018-05-30 09:50,1282,3764,459900,45805
2018-05-30 09:55,2108,5938,460900,45895
2018-05-30 10:00,1190,7186,460700,45890
2018-05-30 10:05,1790,3400,460400,45945
2018-05-30 10:10,1314,3536,459900,45920
2018-05-30 10:14,460,2174,460200,45910
2018-05-30 10:30,240,1152,460100,45925
2018-05-30 10:35,960,2990,459600,45885
2018-05-30 10:40,998,2148,459900,45885
2018-05-30 10:45,910,4868,460100,45965
2018-05-30 10:50,3540,4716,459800,45925
2018-05-30 10:55,1698,2250,460200,45925
2018-05-30 11:00,280,3498,460300,45925
2018-05-30 11:05,494,1868,459800,45945
2018-05-30 11:10,138,1702,460000,45885
2018-05-30 11:15,310,6762,459800,45815
2018-05-30 11:20,324,2692,460000,45855
2018-05-30 11:25,126,6166,460100,45915
2018-05-30 11:29,574,4336,459900,45945
2018-05-30 13:30,1460,1922,461200,45940
2018-05-30 13:35,2512,2264,461300,45920
2018-05-30 13:40,3412,2202,460700,45930
2018-05-30 13:45,1632,4018,460800,45925
2018-05-30 13:50,1512,3240,461500,45940
2018-05-30 13:55,2744,3118,461200,45890
2018-05-30 14:00,914,2230,461300,45935
2018-05-30 14:05,1376,10912,461600,45970
2018-05-30 14:10,2526,9556,462500,46000
2018-05-30 14:15,2654,13232,463200,45980
2018-05-30 14:20,2852,4148,463300,46035
2018-05-30 14:25,1328,7544,462800,45925
2018-05-30 14:30,1420,7442,463000,45905
2018-05-30 14:35,912,4174,462600,45900
2018-05-30 14:40,800,2770,462500,45925
2018-05-30 14:45,1064,3278,462900,45910
2018-05-30 14:50,2046,2992,462600,45880
2018-05-30 14:55,1542,4400,462000,45860
2018-05-30 15:00,3216,7568,463900,45895
2018-05-31 09:00,1924,13426,473600,46185
2018-05-31 09:05,3600,23622,473200,46110
2018-05-31 09:10,3036,11312,473700,46140
2018-05-31 09:15,1082,15988,473500,46035
2018-05-31 09:20,1096,6396,473500,46050
2018-05-31 09:25,580,4378,473400,46030
2018-05-31 09:30,772,10058,473400,46105
2018-05-31 09:35,714,4354,473600,46120
2018-05-31 09:40,1436,3392,474500,46090
2018-05-31 09:45,3096,2952,474500,46085
2018-05-31 09:50,562,2408,474800,46125
2018-05-31 09:55,1052,1462,474700,46085
2018-05-31 10:00,620,2444,474800,46065
2018-05-31 10:05,1676,1530,475200,46070
2018-05-31 10:10,956,1958,475500,46075
2018-05-31 10:14,1280,1884,475800,46050
2018-05-31 10:30,586,694,475200,46045
2018-05-31 10:35,902,1828,475400,46070
2018-05-31 10:40,488,1312,475500,46075
2018-05-31 10:45,724,6982,475800,45965
2018-05-31 10:50,792,10560,475700,45930
2018-05-31 10:55,1576,7198,476200,46000
2018-05-31 11:00,2004,3606,476300,45990
2018-05-31 11:05,1178,3124,475900,45985
2018-05-31 11:10,1378,2896,475300,46020
2018-05-31 11:15,896,1840,475400,45975
2018-05-31 11:20,470,1188,475300,46020
2018-05-31 11:25,1044,3860,474900,45980
2018-05-31 11:30,1702,3504,473600,45970
2018-05-31 13:30,1108,828,474700,45970
2018-05-31 13:35,2146,2442,473800,45960
2018-05-31 13:40,1182,4310,474600,46030
2018-05-31 13:45,1106,3848,474700,45995
2018-05-31 13:50,558,2270,474600,46035
2018-05-31 13:55,996,3614,474500,45985
2018-05-31 14:00,914,4108,474100,46035
2018-05-31 14:05,2286,4750,474000,45980
2018-05-31 14:10,5556,3750,472800,45960
2018-05-31 14:15,1702,2214,473100,45935
2018-05-31 14:20,1944,4992,473600,45960
2018-05-31 14:25,1482,9294,473100,45900
2018-05-31 14:30,2832,28834,473100,45825
2018-05-31 14:35,1394,5276,472800,45775
2018-05-31 14:40,2168,8336,472600,45745
2018-05-31 14:45,1056,6270,472800,45775
2018-05-31 14:50,1574,3664,472600,45800
2018-05-31 14:55,1810,6728,472800,45865
2018-05-31 15:00,2292,4502,472500,45900
2018-06-01 09:00,762,3784,474200,45865
2018-06-01 09:05,1664,7094,474300,45850
2018-06-01 09:10,656,5854,474700,45920
2018-06-01 09:15,644,3318,474300,45905
2018-06-01 09:20,762,4210,474400,45895
2018-06-01 09:25,678,1638,474300,45825
2018-06-01 09:30,456,3472,474400,45850
2018-06-01 09:35,316,3558,474400,45925
2018-06-01 09:40,566,7986,474300,46035
2018-06-01 09:45,256,7028,474200,46040
2018-06-01 09:50,464,3280,474300,46020
2018-06-01 09:55,490,5870,474200,46065
2018-06-01 10:00,680,3580,473900,46015
2018-06-01 10:05,878,1318,473900,46005
2018-06-01 10:10,306,2476,473900,45965
2018-06-01 10:14,332,3266,473900,45970
2018-06-01 10:30,38,956,473900,45995
2018-06-01 10:35,254,2740,473800,46000
2018-06-01 10:40,110,1088,474000,45990
2018-06-01 10:45,650,1812,474500,46005
2018-06-01 10:50,244,10012,474300,46130
2018-06-01 10:55,216,10794,474000,46065
2018-06-01 11:00,212,45786,474200,46330
2018-06-01 11:05,140,18396,474100,46290
2018-06-01 11:10,182,7338,474100,46275
2018-06-01 11:15,118,10150,474000,46350
2018-06-01 11:20,1784,14308,473600,46390
2018-06-01 11:25,974,23810,472900,46450
2018-06-01 11:29,2374,11082,471900,46395
2018-06-01 13:30,750,3498,471800,46335
2018-06-01 13:35,1284,4936,472600,46350
2018-06-01 13:40,746,6286,472400,46270
2018-06-01 13:45,566,4038,472800,46300
2018-06-01 13:50,968,5784,472600,46250
2018-06-01 13:55,394,3202,472500,46230
2018-06-01 14:00,260,3828,472500,46240
2018-06-01 14:05,1916,3440,473400,46265
2018-06-01 14:10,814,6186,472900,46220
2018-06-01 14:15,418,2034,472900,46260
2018-06-01 14:20,580,3584,472800,46285
2018-06-01 14:25,368,5188,473000,46340
2018-06-01 14:30,1468,2720,473800,46375
2018-06-01 14:35,1424,6002,473700,46380
2018-06-01 14:40,624,2030,473900,46355
2018-06-01 14:45,894,5572,474400,46315
2018-06-01 14:50,1420,2652,474400,46330
2018-06-01 14:55,1602,5350,474700,46390
2018-06-01 15:00,1844,9534,474700,46450
2018-06-04 09:00,1326,7820,468600,46425
2018-06-04 09:05,2132,16304,469600,46395
2018-06-04 09:10,1118,5250,469100,46395
2018-06-04 09:15,772,4770,469400,46420
2018-06-04 09:20,414,7450,469200,46365
2018-06-04 09:25,536,6186,469400,46350
2018-06-04 09:30,1150,3430,469300,46370
2018-06-04 09:35,632,2458,469100,46345
2018-06-04 09:40,984,3068,469500,46345
2018-06-04 09:45,960,4458,469700,46415
2018-06-04 09:50,762,1168,469900,46410
2018-06-04 09:55,644,2352,469700,46340
2018-06-04 10:00,570,2582,469500,46345
2018-06-04 10:05,448,1262,469400,46375
2018-06-04 10:10,518,3002,469500,46405
2018-06-04 10:14,276,1632,469500,46395
2018-06-04 10:30,158,2342,469500,46460
2018-06-04 10:35,688,4402,469200,46355
2018-06-04 10:40,1252,1520,469100,46370
2018-06-04 10:45,1482,1324,469100,46390
2018-06-04 10:50,516,1112,468800,46420
2018-06-04 10:55,644,2394,469100,46395
2018-06-04 11:00,1422,1248,469300,46400
2018-06-04 11:05,308,1256,469300,46385
2018-06-04 11:10,386,1066,469200,46385
2018-06-04 11:15,338,1982,469300,46400
2018-06-04 11:20,1324,9502,468500,46465
2018-06-04 11:25,1140,10478,469000,46575
2018-06-04 11:30,530,5928,469000,46555
2018-06-04 13:30,890,2670,469000,46575
2018-06-04 13:35,936,10258,468800,46520
2018-06-04 13:40,952,8378,469400,46475
2018-06-04 13:45,560,4746,469300,46485
2018-06-04 13:50,402,2974,469300,46460
2018-06-04 13:55,1226,3466,469400,46435
2018-06-04 14:00,954,4248,469000,46410
2018-06-04 14:05,564,2862,469300,46400
2018-06-04 14:10,452,4664,469200,46385
2018-06-04 14:15,876,1870,469500,46410
2018-06-04 14:20,934,2234,469700,46420
2018-06-04 14:25,650,1698,469500,46400
2018-06-04 14:30,532,998,469700,46390
2018-06-04 14:35,452,2488,469700,46420
2018-06-04 14:40,530,2534,469600,46425
2018-06-04 14:45,1280,5514,469900,46400
2018-06-04 14:50,2110,2694,470700,46385
2018-06-04 14:55,1738,9734,470600,46340
2018-06-04 14:59,1646,4840,470900,46420
2018-06-05 09:00,1748,3856,464700,46355
2018-06-05 09:05,2700,7468,465100,46360
2018-06-05 09:10,1060,13784,465200,46330
2018-06-05 09:15,982,4224,465300,46320
2018-06-05 09:20,570,2622,465000,46355
2018-06-05 09:25,586,6898,465300,46305
2018-06-05 09:30,746,5038,464600,46365
2018-06-05 09:35,1056,1846,465000,46330
2018-06-05 09:40,978,15250,465500,46500
2018-06-05 09:45,796,10086,465400,46480
2018-06-05 09:50,774,2302,464900,46460
2018-06-05 09:55,574,4058,464500,46410
2018-06-05 10:00,500,6152,464600,46375
2018-06-05 10:05,896,5760,464200,46280
2018-06-05 10:10,914,6286,464700,46310
2018-06-05 10:15,230,3148,464700,46290
2018-06-05 10:30,132,2790,464600,46245
2018-06-05 10:35,1298,20378,464100,46210
2018-06-05 10:40,828,6122,464500,46165
2018-06-05 10:45,736,5974,464700,46215
2018-06-05 10:50,962,2832,464900,46265
2018-06-05 10:55,702,2850,464500,46215
2018-06-05 11:00,334,2616,464400,46255
2018-06-05 11:05,412,2728,464400,46310
2018-06-05 11:10,260,2886,464500,46315
2018-06-05 11:15,170,1612,464600,46310
2018-06-05 11:20,900,1592,464100,46300
2018-06-05 11:25,538,6098,464500,46385
2018-06-05 11:29,684,8782,464500,46445
2018-06-05 13:30,234,2446,464300,46435
2018-06-05 13:35,756,4216,464100,46425
2018-06-05 13:40,1918,3008,464100,46450
2018-06-05 13:45,972,5710,463900,46405
2018-06-05 13:50,698,2512,463900,46405
2018-06-05 13:55,1836,4272,464000,46460
2018-06-05 14:00,586,8754,464200,46455
2018-06-05 14:05,1032,2482,464300,46445
2018-06-05 14:10,802,3642,464300,46475
2018-06-05 14:15,906,11136,464200,46450
2018-06-05 14:20,434,5106,464200,46405
2018-06-05 14:25,414,1728,464200,46440
2018-06-05 14:30,368,1420,464200,46440
2018-06-05 14:35,2284,2180,464700,46465
2018-06-05 14:40,1656,2290,465200,46435
2018-06-05 14:45,964,2354,464800,46465
2018-06-05 14:50,938,6142,465000,46465
2018-06-05 14:55,1206,4030,465200,46450
2018-06-05 15:00,2956,4878,466200,46460
2018-06-06 09:00,1540,15162,464000,46640
2018-06-06 09:05,3524,16656,464600,46600
2018-06-06 09:10,1036,8248,464700,46480
2018-06-06 09:15,1984,7286,464000,46445
2018-06-06 09:20,1168,7906,463300,46415
2018-06-06 09:25,596,3176,464000,46390
2018-06-06 09:30,986,2856,464400,46425
2018-06-06 09:35,1196,6852,463900,46395
2018-06-06 09:40,996,1412,463600,46410
2018-06-06 09:45,432,2172,463700,46450
2018-06-06 09:50,406,2272,463900,46435
2018-06-06 09:55,460,1206,464000,46445
2018-06-06 10:00,776,1098,464300,46435
2018-06-06 10:05,546,2506,464100,46480
2018-06-06 10:10,260,2494,463800,46485
2018-06-06 10:14,168,982,464000,46480
2018-06-06 10:30,210,990,464300,46495
2018-06-06 10:35,266,4662,463900,46450
2018-06-06 10:40,514,2914,463500,46435
2018-06-06 10:45,320,1862,463800,46485
2018-06-06 10:50,258,7144,463700,46525
2018-06-06 10:55,396,3640,464000,46560
2018-06-06 11:00,142,7586,463900,46575
2018-06-06 11:05,170,6644,463800,46545
2018-06-06 11:10,470,3136,464000,46540
2018-06-06 11:15,438,9820,464000,46450
2018-06-06 11:20,470,2250,464300,46500
2018-06-06 11:25,868,1172,464300,46450
2018-06-06 11:29,474,2990,464200,46455
